-- MySQL dump 10.13  Distrib 5.7.17, for Win64 (x86_64)
--
-- Host: localhost    Database: jakobk
-- ------------------------------------------------------
-- Server version	5.7.21-log

/*!40101 SET @OLD_CHARACTER_SET_CLIENT=@@CHARACTER_SET_CLIENT */;
/*!40101 SET @OLD_CHARACTER_SET_RESULTS=@@CHARACTER_SET_RESULTS */;
/*!40101 SET @OLD_COLLATION_CONNECTION=@@COLLATION_CONNECTION */;
/*!40101 SET NAMES utf8 */;
/*!40103 SET @OLD_TIME_ZONE=@@TIME_ZONE */;
/*!40103 SET TIME_ZONE='+00:00' */;
/*!40014 SET @OLD_UNIQUE_CHECKS=@@UNIQUE_CHECKS, UNIQUE_CHECKS=0 */;
/*!40014 SET @OLD_FOREIGN_KEY_CHECKS=@@FOREIGN_KEY_CHECKS, FOREIGN_KEY_CHECKS=0 */;
/*!40101 SET @OLD_SQL_MODE=@@SQL_MODE, SQL_MODE='NO_AUTO_VALUE_ON_ZERO' */;
/*!40111 SET @OLD_SQL_NOTES=@@SQL_NOTES, SQL_NOTES=0 */;

--
-- Table structure for table `actors`
--

DROP TABLE IF EXISTS `actors`;
/*!40101 SET @saved_cs_client     = @@character_set_client */;
/*!40101 SET character_set_client = utf8 */;
CREATE TABLE `actors` (
  `intID` int(11) NOT NULL AUTO_INCREMENT,
  `strFirstName` varchar(50) NOT NULL,
  `strLastName` varchar(50) NOT NULL,
  `dteBirthOfYear` date NOT NULL,
  `strText` varchar(500) NOT NULL,
  PRIMARY KEY (`intID`)
) ENGINE=InnoDB AUTO_INCREMENT=301 DEFAULT CHARSET=utf8;
/*!40101 SET character_set_client = @saved_cs_client */;

--
-- Dumping data for table `actors`
--

LOCK TABLES `actors` WRITE;
/*!40000 ALTER TABLE `actors` DISABLE KEYS */;
INSERT INTO `actors` VALUES (1,'Eva','Sonnenschein','1922-12-30','\"Light-for-dates\" with signs of fetal malnutrition, 1,000-1,249 grams'),(2,'Jeannette','Janoschek','1958-08-16','Ocular torticollis'),(3,'Siward','Geistbeck','1962-12-14','Malignant neoplasm of vagina'),(4,'Torr','Harmant','1976-02-09','Closed fracture of one or more phalanges of foot'),(5,'Minetta','Ethelstone','1959-01-27','Aneurysm of splenic artery'),(6,'Ondrea','Hulson','1953-12-02','Other disorders of lactation, postpartum condition or complication'),(7,'Sondra','Pimblett','1956-01-27','Carcinoma in situ of rectum'),(8,'Tish','Kittow','1966-07-25','Pemphigus'),(9,'Westleigh','Saulter','1936-09-16','Secondary diabetes mellitus with other specified manifestations, not stated as uncontrolled, or unspecified'),(10,'Glad','Stoeckle','1937-03-02','Family history of ischemic heart disease'),(11,'Patsy','MacScherie','1994-07-13','Pneumonia due to mycoplasma pneumoniae'),(12,'Mehetabel','Studde','1983-10-28','Intermittent exotropia, alternating'),(13,'Anastasia','Ingree','1911-01-09','Retinal exudates and deposits'),(14,'Osgood','Scholling','1998-12-19','Arthropathy associated with other bacterial diseases, upper arm'),(15,'Blinny','Binyon','1937-01-01','Unspecified reduction deformity of upper limb'),(16,'Niels','Bultitude','1966-09-29','Chondroectodermal dysplasia'),(17,'Clair','O\' Dornan','1980-12-23','Other and unspecified effects of high altitude'),(18,'Obie','Nobbs','1937-08-17','Secondary diabetes mellitus with ophthalmic manifestations, not stated as uncontrolled, or unspecified'),(19,'Bernadette','Mozzetti','1928-10-01','Other diseases of pharynx, not elsewhere classified'),(20,'Rudolph','Ginn','1927-07-07','Balantidiasis'),(21,'Noellyn','Kestle','1958-01-15','Burn of esophagus'),(22,'Trisha','Truitt','1992-09-05','Coronary artery anomaly'),(23,'Lazarus','Gorey','1974-01-19','Cellulitis and abscess of hand, except fingers and thumb'),(24,'Kinsley','Leve','1952-04-27','Nephritis and nephropathy, not specified as acute or chronic, in diseases classified elsewhere'),(25,'Renault','Witherop','1932-12-08','Migraine, unspecified, with intractable migraine, so stated, with status migrainosus'),(26,'Roddie','Brideoke','1944-10-10','Severe atrophy of the maxilla'),(27,'Ulrica','Eydel','1924-01-28','Open dislocation of acromioclavicular (joint)'),(28,'Harli','Wrinch','1928-03-23','Other benign secondary hypertension'),(29,'Port','Trayford','1985-09-12','Other placental conditions, affecting management of mother, antepartum condition or complication'),(30,'Auroora','Cubbit','1908-12-26','Bipolar I disorder, most recent episode (or current) mixed, unspecified'),(31,'Clemmy','Bedle','1938-06-17','Open fracture of coracoid process'),(32,'Tommy','Kiefer','1948-08-22','Hemorrhagic detachment of retinal pigment epithelium'),(33,'Theresina','Thorndale','1988-01-11','Opioid abuse, continuous'),(34,'Robena','Carp','1952-06-23','Other complications of anesthesia or other sedation in labor and delivery, delivered, with or without mention of antepartum condition'),(35,'Kirby','Goosnell','1914-07-15','Other investigation and testing'),(36,'Son','Soppett','1906-06-15','Abscess of eyelid'),(37,'Barret','Rathbone','1948-06-27','Open dislocation of ankle'),(38,'Trey','Bulfield','1957-11-23','Family history of malignant neoplasm of kidney'),(39,'Llewellyn','Tinman','1901-07-11','Vascular abnormalities of conjunctiva'),(40,'Mac','Hurdman','1913-11-22','Infection and inflammatory reaction due to other genitourinary device, implant, and graft'),(41,'Roana','Hawken','1934-10-28','Pressure ulcer, heel'),(42,'Nikolaus','Wooffinden','1933-08-23','Hyperosmolality and/or hypernatremia'),(43,'Benjamen','Bensen','1949-12-21','Solitary pulmonary nodule'),(44,'Russ','Liver','1925-05-17','\"Light-for-dates\" with signs of fetal malnutrition, 750-999 grams'),(45,'Kristos','Gunney','1996-03-07','Mechanical complication of tracheostomy'),(46,'Gilberta','Luisetti','1928-07-03','Open fracture of base of skull with subarachnoid, subdural, and extradural hemorrhage, with moderate [1-24 hours] loss of consciousness'),(47,'Hyman','McGougan','1927-05-29','Malignant neoplasm of bronchus and lung, unspecified'),(48,'Jerri','Ofer','1933-11-14','Acute thyroiditis'),(49,'Joice','Canete','1926-09-19','Accidental fall from ladder'),(50,'Huntley','Lashley','1977-01-24','Hodgkin\'s disease, unspecified type, intra-abdominal lymph nodes'),(51,'Appolonia','Bartoletti','1937-09-22','Legal circumstances'),(52,'Benedict','Tromans','1957-08-01','Acute respiratory failure following trauma and surgery'),(53,'Thoma','Acott','1953-12-15','Mixed disorders as reaction to stress'),(54,'Maryanna','Eccleshare','1901-11-20','Failure in suture and ligature during surgical operation'),(55,'Hynda','Saylor','1942-01-19','Orchitis and epididymitis, unspecified'),(56,'Layne','Tyt','1979-07-21','Unspecified adjustment reaction'),(57,'Fidelio','Lithgow','1977-06-22','Closed dislocation, vertebra, unspecified site'),(58,'Regina','Semour','1936-01-06','Severe birth asphyxia'),(59,'Lissie','Jovey','1998-08-27','Spectator at an event'),(60,'Charita','Brigshaw','1921-09-15','Other specific muscle disorders'),(61,'Barbee','Rebert','1921-07-26','Acute laryngotracheitis without mention of obstruction'),(62,'Hy','Monnery','1982-04-21','Other closed skull fracture with cerebral laceration and contusion, with no loss of consciousness'),(63,'Hunfredo','Lacy','1921-07-21','Other acquired deformities of toe'),(64,'Lory','O\' Scallan','1950-09-08','Pernicious anemia'),(65,'Harlie','Lucio','1901-07-25','Pathologic fracture of distal radius and ulna'),(66,'Yovonnda','Mattisson','1946-07-03','Meningococcal endocarditis'),(67,'Sadye','Leighfield','1941-07-29','Other complications due to other vascular device, implant, and graft'),(68,'Dmitri','Woodruff','1950-10-18','Illegitimacy or illegitimate pregnancy'),(69,'Johna','Dutteridge','1947-05-05','Other specified complications of pregnancy, delivered, with mention of postpartum complication'),(70,'Kath','Arkley','1984-08-09','Acute myeloid leukemia, in remission'),(71,'Modesta','Ivankovic','1919-02-07','Other respiratory abnormalities'),(72,'Johna','Billingham','1924-10-18','Other specified ancylostoma'),(73,'Bowie','Piddlesden','1923-04-24','Medial epicondylitis'),(74,'Dallon','Radleigh','1969-02-11','Great toe amputation status'),(75,'Maritsa','Rouge','1990-09-16','Open fracture of base of skull with other and unspecified intracranial hemorrhage, with prolonged [more than 24 hours] loss of consciousness and return to pre-existing conscious level'),(76,'Kristy','Eagar','1958-07-03','Cerebellar or brain stem laceration with open intracranial wound, with loss of consciousness of unspecified duration'),(77,'Micheline','Martinello','1937-10-10','Poisoning by keratolytics, keratoplastics, other hair treatment drugs and preparations'),(78,'Lowrance','Duxfield','1990-03-06','Interstitial keratitis, unspecified'),(79,'Land','Blackly','1968-01-09','Acute petrositis'),(80,'Bradly','Moubray','1919-11-19','Other preterm infants, 500-749 grams'),(81,'Alli','Langeren','1923-06-08','General psychiatric examination, other and unspecified'),(82,'Rania','Stoakley','1964-08-04','Femoral hernia with obstruction, unilateral or unspecified (not specified as recurrent)'),(83,'Eolande','Samweyes','1939-10-09','Unspecified nonpsychotic mental disorder following organic brain damage'),(84,'Lincoln','Behan','1958-06-01','Periapical abscess with sinus'),(85,'Emiline','Barnett','1951-06-29','Other activity involving ice and snow'),(86,'Lizzy','Laste','1973-10-14','Personal history of malignant neoplasm of renal pelvis'),(87,'Haleigh','Paur','1967-04-15','Accidental poisoning by benzodiazepine-based tranquilizers'),(88,'Ripley','Bompass','1997-07-14','Other specified bullous dermatoses'),(89,'Davy','Kloska','1992-10-21','Other congenital deformity of hip (joint)'),(90,'Judi','Sandbrook','1980-10-24','Other specified anomalies of respiratory system'),(91,'Darcie','Menichini','1965-02-23','Other specified open wounds of ocular adnexa'),(92,'Bride','Colbeck','1960-06-09','Immersion foot'),(93,'Swen','Turville','1904-11-05','Pulmonary complications of anesthesia or other sedation in labor and delivery, delivered, with or without mention of antepartum condition'),(94,'Peria','Luciano','1971-10-20','Typhoid fever'),(95,'Bayard','Gautrey','1920-02-04','Malignant histiocytosis, lymph nodes of axilla and upper limb'),(96,'Winnah','Wilde','1989-03-16','Injury to celiac and mesenteric arteries, other'),(97,'Isaak','Brawn','1935-04-17','Arthropathy associated with helminthiasis, site unspecified'),(98,'Zonda','Hubball','1968-10-13','Fetishism'),(99,'Katusha','Whitmore','1983-09-07','Other accidental drowning or submersion'),(100,'Standford','Beernaert','1972-03-28','Unspecified indication for care or intervention related to labor and delivery, unspecified as to episode of care or not applicable'),(101,'Burr','Smallacombe','1998-06-11','Injury to peroneal nerve'),(102,'Bird','Euplate','1912-02-10','Failed moderate sedation during procedure'),(103,'Liva','Foulkes','1958-04-12','Chronic maxillary sinusitis'),(104,'Brandais','Lawrey','1993-03-05','Accidental poisoning by lead and its compounds and fumes'),(105,'Michale','Sommersett','1974-06-05','Open fracture of coronoid process of ulna'),(106,'Samaria','Cutbush','1960-02-22','Hypotropia'),(107,'Deborah','Matus','1976-03-20','Perpetrator of child and adult abuse, by other specified person'),(108,'Emmey','Zecchinelli','1976-09-12','Secondary diabetes mellitus with unspecified complication, uncontrolled'),(109,'Monika','Mulqueen','1971-11-05','Macrotia'),(110,'Fredericka','Ellery','1976-02-12','Unspecified disorder of joint, pelvic region and thigh'),(111,'Mathilda','Bruhnke','1966-03-06','Open wound of larynx with trachea, without mention of complication'),(112,'Clarke','Pretious','1909-06-28','Counseling for perpetrator of spousal and partner abuse'),(113,'Gale','Leynton','1942-04-19','Angiodysplasia of stomach and duodenum with hemorrhage'),(114,'Torrie','Stennett','2001-01-24','Stiff-man syndrome'),(115,'Meridel','Grunbaum','1987-08-21','Breech extraction, without mention of indication, unspecified as to episode of care or not applicable'),(116,'Peadar','Peschka','1918-03-20','Visual deprivation nystagmus'),(117,'Frederick','Mickleburgh','1957-02-21','Spontaneous abortion, without mention of complication, incomplete'),(118,'Kathlin','Neylan','1970-03-28','Hodgkin\'s disease, lymphocytic depletion, spleen'),(119,'Sig','Sodor','1973-10-07','Screening examination for trypanosomiasis'),(120,'Gram','Leet','1915-12-10','Centipede and venomous millipede (tropical) bite causing poisoning and toxic reactions'),(121,'Isabelle','Gipp','1993-05-25','Open fracture of mandible, multiple sites'),(122,'Manya','Dorricott','1930-01-21','Other specified housing or economic circumstances'),(123,'Fleur','Creus','1943-09-03','Second-degree perineal laceration, delivered, with or without mention of antepartum condition'),(124,'Cordie','Baise','1918-10-24','Unspecified abortion, complicated by damage to pelvic organs or tissues, complete'),(125,'Candide','Trevena','1991-03-07','Benign neoplasm of scrotum'),(126,'Mata','Hews','1907-09-19','Hypertrophic obstructive cardiomyopathy'),(127,'Agnola','McFaul','1951-05-16','Cervical incompetence, unspecified as to episode of care or not applicable'),(128,'Doria','Ham','1940-01-15','Closed fracture of shaft of fibula with tibia'),(129,'Elysee','D\'Almeida','1965-09-13','Other primary progressive tuberculosis, tubercle bacilli found (in sputum) by microscopy'),(130,'Fidel','Awin','1940-12-28','Serous choroidal detachment'),(131,'Tammie','Vanichkov','1928-08-03','Sprain of sacrotuberous (ligament)'),(132,'Jacintha','Huegett','1967-02-06','Closed dislocation of radioulnar (joint), distal'),(133,'Ange','Tatlowe','1987-05-20','Osteitis condensans'),(134,'Dario','Uc','1924-10-03','Neoplasm of uncertain behavior of urinary organ, unspecified'),(135,'Bekki','Snar','1972-02-05','Other closed skull fracture with other and unspecified intracranial hemorrhage, with no loss of consciousness'),(136,'Ludvig','Daal','1955-11-02','Epilepsy complicating pregnancy, childbirth, or the puerperium, delivered, with mention of postpartum complication'),(137,'Lotti','Hengoed','1953-06-04','Quadruplet gestation, with two or more monochorionic fetuses'),(138,'Lanny','Crosser','1950-02-02','Toxic multinodular goiter with mention of thyrotoxic crisis or storm'),(139,'Trudey','Town','1997-10-10','Chondrocalcinosis, unspecified, shoulder region'),(140,'Fin','McDuff','1917-01-16','Injury due to war operations from pellets (rifle)'),(141,'Hanny','Tunsley','1974-12-09','Crushing injury of hip'),(142,'Leilah','Simmgen','2001-04-05','Other seborrheic dermatitis'),(143,'Pooh','Cayette','1953-10-11','Accidental cut, puncture, perforation or hemorrhage during administration of enema'),(144,'Vincents','Cornill','1917-03-08','Chronic leukemia of unspecified cell type, in relapse'),(145,'Georas','Fuzzey','1913-06-05','Peripheral neuritis in pregnancy, postpartum condition or complication'),(146,'Neal','Amthor','1903-07-27','Dermatochalasis'),(147,'Gayla','Sergeant','1937-11-11','Malignant histiocytosis, unspecified site, extranodal and solid organ sites'),(148,'Layla','Cuxson','1911-06-27','Gastrojejunal ulcer, unspecified as acute or chronic, without mention of hemorrhage or perforation, with obstruction'),(149,'Helenelizabeth','Duffy','1995-12-16','Suicide and self-inflicted poisoning by gas distributed by pipeline'),(150,'Hewet','Sale','1974-10-30','Rupture of bladder, nontraumatic'),(151,'Weider','Valente','1948-08-16','Malignant neoplasm of anterior two-thirds of tongue, part unspecified'),(152,'Eleonore','Freak','1927-06-05','Pre-operative respiratory examination'),(153,'Branden','Brundill','1933-03-09','Unspecified secondary syphilis'),(154,'Marius','Bautiste','1939-04-04','Aortic valve disorders'),(155,'Janenna','Boick','1963-12-04','Cutaneous leishmaniasis, American'),(156,'Susette','Damato','1930-08-08','Accidental poisoning by other specified drugs'),(157,'Dorri','Nelthorpe','1919-05-06','Unspecified anomaly of genital organs'),(158,'Frankie','Buckley','1945-12-08','Nonallopathic lesions, pelvic region'),(159,'Clevie','Espinheira','1943-07-17','Other and unspecified abnormality of organs and soft tissues of pelvis, delivered, with or without mention of antepartum condition'),(160,'Johan','Mullally','1957-11-03','Acute infection of pinna'),(161,'Ilise','Shave','1948-10-20','Other and unspecified alcohol dependence, in remission'),(162,'Rodolph','Rassell','1996-08-18','Unspecified anomaly of fallopian tubes and broad ligaments'),(163,'Amandie','Peterson','1996-04-16','Malignant neoplasm of other sites of floor of mouth'),(164,'Mace','Raynham','1982-05-13','Lipoprotein deficiencies'),(165,'Alonzo','Bleything','2001-10-11','Injury to nerves, unspecified site'),(166,'Minetta','Smissen','1999-11-19','Neoplasm of uncertain behavior of pleura, thymus, and mediastinum'),(167,'Jessika','Arnolds','1905-06-19','Personal history of malignant neoplasm of bone'),(168,'Trula','Danzey','1903-04-18','Other and unspecified cerebral laceration and contusion, with open intracranial wound, with brief [less than one hour] loss of consciousness'),(169,'Claudine','Slidders','1957-08-25','Other allergy, other than to medicinal agents'),(170,'Bernardine','Addington','1911-07-14','Articular cartilage disorder, multiple sites'),(171,'Noellyn','Clendennen','1936-10-29','Streptobacillary fever'),(172,'Inessa','Probate','1906-02-22','Other inflammatory disorders of male genital organs'),(173,'Marion','Blench','1908-03-17','Hypertensive heart and chronic kidney disease, malignant, with heart failure and with chronic kidney disease stage I through stage IV, or unspecified'),(174,'Astrix','Kerry','1935-10-03','Accidental poisoning by mercury and its compounds and fumes'),(175,'Juana','Czadla','1997-08-28','Pick\'s disease'),(176,'Dacey','Falls','1973-07-19','Screening for other rheumatic disorders'),(177,'Emlyn','Lorking','1954-12-24','Alcoholism in family'),(178,'Clim','Garret','1925-07-24','Burn [any degree] involving 40-49 percent of body surface with third degree burn, 20-29%'),(179,'Isac','Grewar','1968-09-15','Papanicolaou smear of vagina with cytologic evidence of malignancy'),(180,'Sutherland','Wetwood','1978-07-10','Monoplegia of lower limb affecting nondominant side'),(181,'Andy','Imloch','1914-12-10','Machinery accident in water transport injuring occupant of other watercraft -- other than crew'),(182,'Jamesy','Huddleston','1984-06-02','Accident caused by travel and motion'),(183,'Jerry','Iston','1927-01-31','Fall on stairs or ladders in water transport injuring occupant of small boat, powered'),(184,'Ugo','McCarney','1932-12-24','Secondary malignant neoplasm of other urinary organs'),(185,'Fransisco','Tenbrug','1915-02-23','Contracture of joint, lower leg'),(186,'Estevan','Peacey','1912-09-13','Unspecified complication of anesthesia and other sedation in labor and delivery, postpartum condition or complication'),(187,'Robbie','Fairrie','1920-12-14','Unspecified injury of lung with open wound into thorax'),(188,'Gusella','Farrants','1901-04-13','Corneal anesthesia and hypoesthesia'),(189,'Keelby','McGrorty','1991-05-05','Mottled teeth'),(190,'Merrilee','Sparrowe','1952-01-10','Other prophylactic gland removal'),(191,'Calida','Sabbin','1953-07-03','Other fall from one level to another in water transport injuring dockers, stevedores'),(192,'Rubin','Clemmensen','1909-07-12','Aggressive periodontitis, unspecified'),(193,'Beck','Rohfsen','1924-07-17','Closed fracture of vault of skull without mention of intracranial injury, with loss of consciousness of unspecified duration'),(194,'Carlye','Glendenning','1919-09-21','Other and unspecified prion disease of central nervous system'),(195,'Darnall','Kennett','1939-05-16','Other umbilical cord complications complicating labor and delivery, delivered, with or without mention of antepartum condition'),(196,'Lillis','Gaitone','1994-06-21','Open wound of vagina, complicated'),(197,'Rosaline','Binham','1905-01-03','Disorders of thyrocalcitonin secretion'),(198,'Betteann','Mercy','1928-01-02','Other retained organic fragments'),(199,'Belita','Slaymaker','1982-02-26','Crushing injury of upper arm'),(200,'Gregoire','Ledgley','1946-09-09','Unspecified abortion, with other specified complications, unspecified'),(201,'Tallou','Musselwhite','1995-06-05','Falciparum malaria [malignant tertian]'),(202,'Salli','Featherstonhaugh','1931-10-11','Hodgkin\'s disease, nodular sclerosis, intrathoracic lymph nodes'),(203,'Miner','Meineken','1972-04-12','Anomalies of ovaries'),(204,'Toinette','Viscovi','1976-04-22','Primary central nervous system lymphoma, intrathoracic lymph nodes'),(205,'Jeremie','Gerritsma','1930-10-09','Other specified air transport accidents injuring occupant of spacecraft'),(206,'Maximilian','Grzegorzewicz','1929-11-11','Accidental mechanical suffocation due to lack of air (in closed place)'),(207,'Rosamond','Maryan','1938-10-25','Closed fracture of condyle, femoral'),(208,'Lucius','Sollime','1925-12-09','Abdominal tenderness, other specified site'),(209,'Pen','Shipley','1974-12-14','Open posterior dislocation of hip'),(210,'Dee dee','Le Marquand','1909-06-17','Radial styloid tenosynovitis'),(211,'Udale','Sargison','1968-09-10','Anaphylactic reaction due to eggs'),(212,'Sherry','Labeuil','1937-09-25','Tympanosclerosis involving tympanic membrane and ear ossicles'),(213,'Vaughn','Bonicelli','1960-03-18','Malignant neoplasm of rectum'),(214,'Vinnie','Junes','1979-03-05','Poisoning by unspecified antibiotic'),(215,'Anita','Mewhirter','1966-01-29','Outcome of delivery, twins, both liveborn'),(216,'Xenia','Sisneros','1961-03-28','Congenital nuclear cataract'),(217,'Celestyna','Di Carli','1973-01-07','Shoulder (girdle) dystocia, delivered, with or without mention of antepartum condition'),(218,'Brigg','Baradel','1950-08-09','Madelung\'s deformity'),(219,'Legra','Smurthwaite','1974-02-07','Bcg vaccine causing adverse effects in therapeutic use'),(220,'Terri','Podd','1917-03-25','Body Mass Index 32.0-32.9, adult'),(221,'Ravi','Corthes','1976-12-07','Injury to portal vein'),(222,'Nicolais','Goodrick','1934-01-28','Congenital hydrocephalus'),(223,'Valery','Mobley','1905-03-27','Other open skull fracture with subarachnoid, subdural, and extradural hemorrhage, with moderate [1-24 hours] loss of consciousness'),(224,'Maggee','Errey','1997-05-21','Polycythemia vera'),(225,'Emiline','Kagan','1981-06-07','Presence of subdermal contraceptive implant'),(226,'Erika','Dartnell','2000-08-04','Other open skull fracture without mention of intracranial injury, with moderate [1-24 hours] loss of consciousness'),(227,'Kelcy','McConigal','1919-05-29','Unspecified infection or infestation of mother, delivered, with mention of postpartum complication'),(228,'Waldon','Ander','1909-03-31','Other lesion of median nerve'),(229,'Gottfried','Nyland','1989-01-28','Hereditary corneal dystrophy, unspecified'),(230,'Elyssa','O\'Sheerin','1906-07-02','Nontraumatic rupture of achilles tendon'),(231,'Gilberto','Delouch','1991-05-02','Carrier or suspected carrier of other gastrointestinal pathogens'),(232,'Kaye','Gapp','1923-09-02','Other infections involving bone in diseases classified elsewhere, forearm'),(233,'Tamqrah','Jeness','1919-07-12','Special screening examination for Human papillomavirus (HPV)'),(234,'Reeba','McPeeters','1970-08-08','Excessive or frequent menstruation'),(235,'Yehudi','Winders','1933-05-19','Cataract in degenerative ocular disorders'),(236,'Sioux','Aisman','1981-11-06','Late effects of injuries due to legal intervention'),(237,'Paten','Duce','1984-11-22','Atheroembolism of lower extremity'),(238,'Jodie','Lune','1973-01-27','Hodgkin\'s granuloma, lymph nodes of multiple sites'),(239,'Chas','Kinsman','1908-08-24','Stage II necrotizing enterocolitis in newborn'),(240,'Sherwin','Nestle','1911-08-15','Qualitative platelet defects'),(241,'Delmar','Castanaga','1963-06-05','Injury to posterior tibial nerve'),(242,'Everard','Kopke','1991-07-17','Mixed hearing loss, unilateral'),(243,'Axe','Everleigh','1991-12-14','Poisoning by other antihypertensive agents'),(244,'Kate','Yanshin','1970-02-14','Polymyalgia rheumatica'),(245,'Emmaline','Lodwick','1990-02-27','Other open skull fracture with cerebral laceration and contusion, unspecified state of consciousness'),(246,'Anastasia','Bellay','1916-09-27','Convalescence following other treatment'),(247,'Flin','Nono','1922-08-16','Hodgkin\'s sarcoma, unspecified site, extranodal and solid organ sites'),(248,'Georgianna','Jenks','1958-07-31','Family history of malignant neoplasm of other genital organs'),(249,'Lon','Godin','1961-11-08','Soemmering\'s ring'),(250,'Constantia','Marrable','1905-01-06','Mitral stenosis with insufficiency'),(251,'Kerianne','Nazaret','1907-01-09','Postvaccination fever'),(252,'Shina','Salisbury','1960-04-03','Spondylosis with myelopathy, lumbar region'),(253,'Fairleigh','Caldaro','1956-02-29','Acute myocardial infarction of unspecified site, subsequent episode of care'),(254,'Giorgi','Martinat','1917-08-23','Extradural hemorrhage following injury with open intracranial wound, with moderate [1-24 hours] loss of consciousness'),(255,'Candi','McQuirter','1997-03-14','\"Light-for-dates\" without mention of fetal malnutrition, 750-999 grams'),(256,'Aube','Farndale','1943-07-08','Other specified diseases of pulmonary circulation'),(257,'Rudyard','Challice','1932-08-30','Pneumonia due to other specified bacteria'),(258,'Perice','Housiaux','1974-08-20','Cataract fragments in eye following cataract surgery'),(259,'Gerri','Tapenden','1903-08-30','Arthropathy associated with other viral diseases, shoulder region'),(260,'Sofia','Barkley','1951-03-11','Acute hepatitis C without mention of hepatic coma'),(261,'Valerye','Antushev','1903-11-19','Other specified respiratory tuberculosis, unspecified'),(262,'Nina','Schukraft','1916-03-17','Deep necrosis of underlying tissues [deep third degree]) without mention of loss of a body part, of breast'),(263,'Constantine','Willmett','1911-12-04','Open wound of gum (alveolar process), without mention of complication'),(264,'Lori','Farnan','1917-01-25','Blisters, epidermal loss [second degree] of other and multiple sites of trunk'),(265,'Lennard','Casford','2001-08-08','Heart valve replaced by transplant'),(266,'Winnifred','Rew','1910-04-08','Hodgkin\'s sarcoma, unspecified site, extranodal and solid organ sites'),(267,'Gale','Rodenburg','1989-07-23','Other and unspecified superficial injury of face, neck, and scalp, without mention of infection'),(268,'Asia','Walpole','1910-05-21','Accident due to abandonment or neglect of infants and helpless persons'),(269,'Vikky','Kirsz','1949-02-19','Kaschin-Beck disease, pelvic region and thigh'),(270,'Maynord','McVitie','1981-10-01','Failed attempted abortion complicated by shock'),(271,'Olly','Itzhaiek','1981-12-03','Traumatic urethral stricture'),(272,'Noellyn','Somerset','1965-02-03','Other fall from one level to another in water transport injuring other specified person'),(273,'Kandace','Raeburn','1911-03-20','Unspecified systemic agent causing adverse effects in therapeutic use'),(274,'Moselle','Guppy','1970-07-05','Anomalies of cerebrovascular system'),(275,'Friedrick','Terren','2001-11-17','Accidental fall from other furniture'),(276,'Dorie','Szach','1917-01-13','Malignant neoplasm of rectosigmoid junction'),(277,'Chan','Philbrook','1915-02-02','Need for prophylactic vaccination and inoculation against respiratory syncytial virus (RSV)'),(278,'Antons','Hatchard','1983-06-04','Other open skull fracture with subarachnoid, subdural, and extradural hemorrhage, with prolonged [more than 24 hours] loss of consciousness and return to pre-existing conscious level'),(279,'Kacey','Postle','1901-10-04','Other road vehicle accidents injuring pedestrian'),(280,'Franky','Meir','1981-05-05','Disseminated chorioretinitis, unspecified'),(281,'Niel','Fairey','1997-03-03','Other multiple pregnancy with fetal loss and retention of one or more fetus(es), unspecified as to episode of care or not applicable'),(282,'Jana','Bartell','1956-01-31','Dermatophytosis of hand'),(283,'Wilbert','Scafe','1980-02-10','Traumatic pneumothorax without mention of open wound into thorax'),(284,'Johnathan','O\'Dyvoy','1931-07-05','Meconium obstruction in fetus or newborn'),(285,'Benedikt','Sparrowhawk','1928-08-09','Coxsackie pericarditis'),(286,'Natasha','Kumaar','1992-05-23','Tuberculous meningitis, tubercle bacilli not found by bacteriological examination, but tuberculosis confirmed histologically'),(287,'Jarib','Ruffles','1975-01-23','Terrorism involving chemical weapons'),(288,'Carola','Lightollers','1917-10-11','Chronic venous embolism and thrombosis of internal jugular veins'),(289,'Dion','O\'Reagan','1999-12-01','Louse-borne (epidemic) typhus'),(290,'Jessamine','Mauditt','1984-07-21','Pulmonary interstitial glycogenosis'),(291,'Ad','Motion','1963-06-12','Aftercare for healing traumatic fracture of arm, unspecified'),(292,'Idette','Boat','1919-07-01','Retractile testis'),(293,'Hope','Barnhill','1956-02-28','Exposure to SARS-associated coronavirus'),(294,'Whitby','Ashbey','1953-01-11','Railway accident involving collision with other object and injuring railway employee'),(295,'Ronalda','Borit','1964-12-17','Transient arthropathy, upper arm'),(296,'Arne','Wettern','1992-03-05','History of emotional abuse'),(297,'Averyl','Stopford','1991-12-31','Secondary iridocyclitis, noninfectious'),(298,'Mareah','Dudin','1995-07-30','Full-thickness skin loss [third degree, not otherwise specified] of genitalia'),(299,'Reese','Drinkale','1984-12-29','Hodgkin\'s disease, lymphocytic depletion, intrathoracic lymph nodes'),(300,'Sascha','Pipworth','1926-07-16','Subarachnoid hemorrhage following injury without mention of open intracranial wound, with brief [less than one hour] loss of consciousness');
/*!40000 ALTER TABLE `actors` ENABLE KEYS */;
UNLOCK TABLES;

--
-- Table structure for table `customers`
--

DROP TABLE IF EXISTS `customers`;
/*!40101 SET @saved_cs_client     = @@character_set_client */;
/*!40101 SET character_set_client = utf8 */;
CREATE TABLE `customers` (
  `intID` int(11) NOT NULL AUTO_INCREMENT,
  `dteCreated` datetime NOT NULL,
  `strFirstName` varchar(50) NOT NULL,
  `strLastName` varchar(50) NOT NULL,
  `strStreet` varchar(50) NOT NULL,
  `strCity` varchar(50) NOT NULL,
  `strZip` varchar(20) DEFAULT NULL,
  `strPhone1` varchar(50) DEFAULT NULL,
  `strPhone2` varchar(50) DEFAULT NULL,
  `strEmail` varchar(50) NOT NULL,
  `strPassword` varchar(50) NOT NULL,
  PRIMARY KEY (`intID`)
) ENGINE=InnoDB AUTO_INCREMENT=201 DEFAULT CHARSET=utf8;
/*!40101 SET character_set_client = @saved_cs_client */;

--
-- Dumping data for table `customers`
--

LOCK TABLES `customers` WRITE;
/*!40000 ALTER TABLE `customers` DISABLE KEYS */;
INSERT INTO `customers` VALUES (1,'2017-12-03 20:26:51','Meggi','Pigram','Arapahoe','Zliten',NULL,'495-858-8993','672-898-3708','mpigram0@aboutads.info','9wd915TC'),(2,'2017-04-27 05:25:14','Reagan','Ebdon','Graceland','Xilin',NULL,'284-352-4669','327-133-2425','rebdon1@marriott.com','IdONCUmfEMF'),(3,'2017-06-15 08:37:15','Revkah','Eliassen','Clyde Gallagher','Gines-Patay','1121','981-454-8806','451-394-4491','reliassen2@dot.gov','QbQSW3ET'),(4,'2017-07-07 09:30:31','Kelsey','Bason','Maywood','Peñal',NULL,'506-309-1050','881-844-8229','kbason3@slate.com','VfFLYfwcc'),(5,'2017-08-19 15:47:17','Celesta','Barensky','Wayridge','Lodwar',NULL,'646-809-5000','738-244-4185','cbarensky4@netlog.com','nAzsDnJ'),(6,'2017-05-31 13:29:28','Bamby','Stothert','Harbort','Broniszewice','63-304','827-345-2475','982-920-2328','bstothert5@economist.com','cI1kRQV'),(7,'2017-06-26 17:09:02','Gunner','Arnault','Express','Grande Cache','N2Z','726-490-3054','341-591-3971','garnault6@wp.com','UvEq6w'),(8,'2017-11-01 03:09:15','Tamqrah','Monkman','Eastlawn','Aguachica','205018','351-458-5608','995-316-4476','tmonkman7@reuters.com','lCdZMJ6q'),(9,'2018-02-24 23:49:14','Leigh','Lansdale','Hallows','Mencon',NULL,'816-136-9563','746-530-3810','llansdale8@biglobe.ne.jp','UySrNK69'),(10,'2017-05-04 18:50:22','Vally','Clubley','Sloan','Longotea',NULL,'853-915-9084','927-759-4490','vclubley9@wunderground.com','Mjv3lGJicCsW'),(11,'2017-05-19 15:37:14','Ab','McGrorty','Kipling','Gucheng',NULL,'971-831-4876','865-888-5634','amcgrortya@51.la','JlkQ9HmA'),(12,'2018-01-21 00:33:05','Sydney','Brownlea','Saint Paul','Zonghan',NULL,'477-661-2086','340-740-4781','sbrownleab@slideshare.net','ArTRqZK1U'),(13,'2018-03-09 06:29:43','Arabella','Rubertelli','Stuart','San Cristóbal','10702','117-715-6088','154-615-1495','arubertellic@dell.com','3zlLgs1d5sH'),(14,'2017-11-19 05:42:10','Cecilius','Deetlof','Weeping Birch','Terra Chã','9700-685','455-752-0381','339-635-7050','cdeetlofd@theguardian.com','9gObcZitib8'),(15,'2017-08-24 07:06:29','Jessamine','Crofts','Springs','Xiqi',NULL,'253-611-3523','322-250-9677','jcroftse@about.me','BXV5Dm'),(16,'2018-02-26 15:18:29','Jarib','Kiggel','Westport','Āsmār',NULL,'500-806-5391','943-338-2983','jkiggelf@meetup.com','08InaP9prR'),(17,'2017-11-07 12:39:14','Sancho','Sleeman','High Crossing','Chojnice','89-620','373-830-6153','786-864-8621','ssleemang@theglobeandmail.com','HS8ND2a0drDc'),(18,'2017-05-02 19:25:38','Maible','Ensley','Oneill','Hualongyan',NULL,'908-469-3453','346-411-4802','mensleyh@fc2.com','q7fEIRD'),(19,'2017-10-01 12:39:40','Dedie','Laste','Debs','Khān Shaykhūn',NULL,'804-260-0729','813-199-3631','dlastei@google.fr','DCnLXtXI'),(20,'2017-06-08 07:50:24','Teddie','Gludor','Atwood','Kaa-Khem','667901','550-809-2570','113-523-1572','tgludorj@fotki.com','YtfOOKnVQITr'),(21,'2017-08-13 18:42:29','Paule','Fradson','Lerdahl','Mengla',NULL,'837-226-9944','762-312-9623','pfradsonk@blog.com','pIVyhyeLpO8'),(22,'2017-08-01 14:29:10','Opalina','Brinded','Goodland','Sari',NULL,'832-961-4567','395-187-3055','obrindedl@chron.com','xSzI9cLU'),(23,'2017-04-05 09:33:50','Earvin','Rainbow','Mariners Cove','Troitskoye','140168','815-469-2781','735-898-4211','erainbowm@shinystat.com','sRnvWDLo181s'),(24,'2018-01-28 14:57:39','Shelba','Swait','John Wall','Sinegor\'ye','404102','584-116-3703','596-349-6035','sswaitn@psu.edu','hHI47ZAomgj'),(25,'2017-07-19 15:59:56','Ilaire','Geekin','Commercial','Surami',NULL,'603-240-3353','113-368-2749','igeekino@quantcast.com','2xtVbvW'),(26,'2018-02-03 19:16:38','Natal','Kellitt','Cherokee','Lingkou',NULL,'402-919-2585','673-188-4104','nkellittp@plala.or.jp','dcIltk'),(27,'2017-05-16 00:17:17','Corbett','Rigard','Bartelt','Komoro','925-0373','612-476-9997','773-754-2978','crigardq@e-recht24.de','GyKsuJ'),(28,'2017-08-23 08:48:11','Sylvia','Nisen','School','Dimitrovgrad','6435','965-726-7578','975-616-7817','snisenr@gmpg.org','FczBqz5lzmNh'),(29,'2017-11-27 21:56:35','Cally','Castille','Oneill','Siaton','6219','850-472-1779','751-541-3579','ccastilles@xrea.com','rjeCyzDPmFA'),(30,'2017-09-19 14:07:07','Holly-anne','Grinikhinov','Dwight','Don Carlos','8712','277-984-3278','815-310-3544','hgrinikhinovt@dagondesign.com','5zAZ76'),(31,'2017-06-24 12:40:05','Renato','Scala','South','Pessac','33604 CEDEX','199-967-5426','145-392-8423','rscalau@github.com','rK4Dnz'),(32,'2018-02-20 01:30:34','Timothee','Brockman','Linden','Dapitan','3307','285-753-3924','971-551-1539','tbrockmanv@adobe.com','eF7oPxWzy'),(33,'2017-06-06 12:55:59','Melanie','Ferrario','Corscot','Augusto Corrêa','68610-000','433-290-2604','756-294-2784','mferrariow@comsenz.com','hL0T4FU2R'),(34,'2017-12-31 10:03:08','Annalee','Battershall','Mockingbird','Alexandria',NULL,'371-272-5886','795-536-3344','abattershallx@gnu.org','g50WjggTuC6O'),(35,'2017-11-10 04:20:43','Saree','Sandwith','Swallow','Pacatuba','49970-000','214-471-8001','313-242-3489','ssandwithy@mysql.com','9nPmjafkBPLp'),(36,'2018-02-20 23:39:50','Charlot','Alliban','Cody','Sambirata',NULL,'349-643-5270','996-180-5432','callibanz@edublogs.org','v7QOv5ES0nge'),(37,'2017-08-02 18:30:47','Berget','Thormwell','Rockefeller','Poços de Caldas','37700-000','868-518-4373','453-874-1262','bthormwell10@bluehost.com','Uv6tVNZmUPls'),(38,'2017-11-07 18:42:29','Grove','Pryer','Sutteridge','Żabno','33-240','461-630-9996','647-268-1085','gpryer11@booking.com','2pSQsCUauY9o'),(39,'2018-02-07 01:18:59','Christiana','Lawson','Lillian','Oslob','6025','848-697-9835','205-294-5250','clawson12@free.fr','2RL0YNO'),(40,'2017-04-27 11:40:57','Ardella','Leipold','Summit','Jambangan',NULL,'612-101-1102','898-981-2735','aleipold13@rambler.ru','IRvh7iX'),(41,'2017-04-04 01:13:16','Fannie','O\'Corhane','Dapin','Barbacoas',NULL,'213-223-4226','106-436-2814','focorhane14@mysql.com','p6WfLdMtC'),(42,'2018-01-16 12:14:52','Martelle','Schwand','Marcy','Pakemitan',NULL,'663-118-5966','188-411-3753','mschwand15@psu.edu','pWNiImTRJAc'),(43,'2017-07-22 10:37:09','Kinnie','Biaggetti','Melody','Cayur',NULL,'971-949-0667','317-356-4739','kbiaggetti16@soup.io','jiTjgcS'),(44,'2017-07-27 14:35:05','Jamil','Allchorn','Swallow','Trà My',NULL,'426-340-3798','568-769-8319','jallchorn17@netvibes.com','mAm34rIUmN9q'),(45,'2018-02-04 14:43:07','Shawn','Wyleman','Corry','Puerto Eldorado','3382','773-555-1354','666-744-3007','swyleman18@umich.edu','7zfzZQOlwy'),(46,'2017-06-20 19:28:41','Jasen','Shirtliff','Summit','Nyalindung',NULL,'565-721-8597','671-844-1225','jshirtliff19@yahoo.com','tqXfti'),(47,'2017-04-25 20:58:15','Celie','Wheal','Lerdahl','Waitenepang',NULL,'911-215-1309','985-358-0178','cwheal1a@a8.net','prvhKhJi1EhJ'),(48,'2017-08-05 15:35:27','Coletta','Picheford','Maple','Wulan Haye',NULL,'739-581-1933','596-688-8335','cpicheford1b@harvard.edu','mFp45VR6Lg'),(49,'2018-02-21 23:55:44','Theresa','Lydiard','Thompson','Botshabelo','9789','672-937-2241','742-577-1928','tlydiard1c@t-online.de','AVmpY3'),(50,'2017-06-29 03:29:50','Xaviera','Speak','Buena Vista','Jardinópolis','14680-000','840-449-7232','984-916-9719','xspeak1d@ning.com','pAhSUOjNDmPb'),(51,'2018-01-29 04:05:20','Townsend','Zapater','Barnett','Huangkeng',NULL,'901-818-5178','964-735-6389','tzapater1e@fda.gov','eaeoHNLgtd'),(52,'2017-10-07 04:34:46','David','Kingsbury','Bartillon','Lārkāna','77381','547-561-4484','200-214-2490','dkingsbury1f@mtv.com','Is9SYWFo'),(53,'2017-04-30 14:44:19','Eimile','Goldman','5th','Capissayan Sur','3513','813-942-1030','712-834-4033','egoldman1g@adobe.com','VXnupJm'),(54,'2017-07-01 07:41:58','Chelsy','O\'Cullen','Longview','Taizi',NULL,'327-966-2710','232-547-9974','cocullen1h@businessweek.com','2corAUMxvjZ'),(55,'2017-12-21 12:27:24','Nehemiah','Spincks','Charing Cross','Ijuw',NULL,'767-836-3480','649-945-9231','nspincks1i@newsvine.com','p2K7zCnqj'),(56,'2018-02-26 21:52:35','Bili','Gilford','Fremont','Qiashui',NULL,'727-134-2727','198-688-9966','bgilford1j@nature.com','ZdEQqlwyRU7Q'),(57,'2017-09-24 12:14:50','Roxanne','Oldam','Sauthoff','Bielawa','58-263','797-173-0910','454-655-1442','roldam1k@xinhuanet.com','caV6g6FQVmT'),(58,'2017-10-17 13:12:59','Lindie','Finney','Kinsman','Havana',NULL,'549-491-5471','645-847-9677','lfinney1l@berkeley.edu','SHZIuWoTPK5'),(59,'2018-03-06 15:39:11','Sigfried','Petrenko','Dryden','Listowel','V31','160-792-2897','786-110-8405','spetrenko1m@naver.com','9T2uu539oG'),(60,'2017-08-22 02:36:23','Nealon','Picken','Welch','Nakhon Pathom','40140','238-671-1591','550-449-6518','npicken1n@time.com','MZtKgP'),(61,'2017-11-17 17:36:42','Liesa','Breissan','Cambridge','Damawato','5309','392-527-6733','758-457-1621','lbreissan1o@weather.com','0d6oFBT2vY2q'),(62,'2017-10-13 11:26:43','Jasper','Ivakhno','Farmco','Minjian',NULL,'458-103-6605','401-816-8337','jivakhno1p@census.gov','2NjvG16'),(63,'2017-07-27 18:45:52','Marla','Creevy','Parkside','Kadugadung',NULL,'164-263-8315','663-302-9436','mcreevy1q@reddit.com','UsZX9Iht'),(64,'2017-07-12 11:26:46','Baily','Patrick','Lawn','Washington','20430','202-735-6931','743-953-6646','bpatrick1r@dyndns.org','wI2xk8asmlkV'),(65,'2018-03-15 21:19:43','Quincy','Boswood','Fair Oaks','Unidos','9208','347-641-5589','299-180-2674','qboswood1s@cpanel.net','AoL8pMDu'),(66,'2017-04-10 15:25:51','Pascale','Wyllis','John Wall','Cihaur',NULL,'311-258-1838','661-784-0214','pwyllis1t@vkontakte.ru','ljvcQsK'),(67,'2017-08-31 02:37:14','Olivero','Eldershaw','Oak Valley','Vratsa','3053','254-166-2733','564-201-5167','oeldershaw1u@issuu.com','E14rqtMF5q'),(68,'2017-05-05 17:42:35','Nikolia','Jackett','Milwaukee','Sandgerði','245','763-181-3929','937-478-1605','njackett1v@springer.com','9BksmxYYlw'),(69,'2017-12-07 00:03:36','Emelda','Rehm','Hauk','Odzi',NULL,'974-419-8399','654-600-3735','erehm1w@pcworld.com','0rRUJcMP26'),(70,'2017-10-28 20:34:39','Antoinette','Crates','Lukken','Ziliang',NULL,'620-398-2373','858-658-2476','acrates1x@tamu.edu','zzzIGwj0BHPg'),(71,'2017-09-06 09:05:59','Aeriel','Springle','Waxwing','Kuznetsovs’k',NULL,'376-424-6612','807-927-7506','aspringle1y@nymag.com','T7rmO39wkuM'),(72,'2017-05-30 18:36:04','Emily','Thamelt','Maple Wood','Cinagrog Girang',NULL,'449-120-9920','593-688-6225','ethamelt1z@ed.gov','fwey1TCkRHh'),(73,'2017-12-27 21:06:26','Stormy','Blackeby','Esch','Pejibaye','11907','776-678-9832','684-797-3132','sblackeby20@behance.net','WcexWuJS9'),(74,'2017-12-27 16:44:22','Kort','Capner','Grasskamp','Oster',NULL,'968-559-7121','963-749-6118','kcapner21@geocities.com','mKKxlo99kUWN'),(75,'2017-04-10 15:37:11','Archaimbaud','O\'Cannovane','Lotheville','Nancy','54046 CEDEX','875-259-2267','442-747-4450','aocannovane22@dmoz.org','ns30KiJiq7Ow'),(76,'2017-10-29 03:07:54','Sam','Schrieves','Lindbergh','Znamenskoye','366814','195-699-6246','608-146-8632','sschrieves23@army.mil','O9TQIX'),(77,'2017-09-05 01:50:53','Bird','Trewett','Swallow','Ban Lam Luk Ka','77140','104-333-8974','195-656-5074','btrewett24@bluehost.com','CUqvcbrF9d'),(78,'2017-06-08 15:07:04','Franzen','Marron','Superior','Igbo-Ukwu',NULL,'649-870-3840','875-420-8547','fmarron25@ning.com','CIQA6uLu'),(79,'2017-11-21 05:24:09','Ruthanne','Routhorn','Vahlen','Caen','14058 CEDEX 4','286-641-8628','671-328-0193','rrouthorn26@myspace.com','kzVtDh0Lcd8'),(80,'2017-08-11 08:31:46','Yasmeen','Curnok','Hagan','Ajman',NULL,'131-164-3294','402-995-9982','ycurnok27@google.de','81TusArhYfrH'),(81,'2017-09-22 15:04:17','Llywellyn','Rosenblum','Oneill','Hanamaki','936-0056','174-834-1456','276-688-6441','lrosenblum28@weebly.com','WVgRxMe'),(82,'2017-11-19 16:03:47','Hogan','Pilcher','Transport','Yicheng',NULL,'361-428-5288','411-796-7087','hpilcher29@yahoo.co.jp','K76ENilR7oU'),(83,'2017-09-12 23:38:16','Brooke','Hyndley','Kenwood','Dranoc',NULL,'678-473-9172','251-522-2943','bhyndley2a@prnewswire.com','ndjBbdg6X'),(84,'2017-12-25 00:18:27','Germana','O\'Doohaine','Ramsey','Beitai',NULL,'493-127-2750','454-659-0773','godoohaine2b@wisc.edu','OPdUJo'),(85,'2018-02-22 05:22:42','Annice','Spyvye','Upham','Kỳ Anh',NULL,'110-461-7875','101-318-0575','aspyvye2c@nbcnews.com','E9UZlcsH'),(86,'2017-11-10 08:51:18','Paton','Capoun','School','Taveiro','3045-451','532-151-7759','785-868-4142','pcapoun2d@hc360.com','u4wqY3W'),(87,'2018-03-13 02:52:24','Ilsa','Seman','Mcbride','Sarae',NULL,'337-826-6208','459-515-4466','iseman2e@hao123.com','8FoF5r'),(88,'2017-06-07 22:30:50','Phoebe','Ivanilov','Spenser','Marsa Alam',NULL,'291-886-6637','655-436-1913','pivanilov2f@cbc.ca','oLX5xMUBcT'),(89,'2018-01-21 15:31:34','Amil','Baraja','Sundown','Nytva','617000','271-580-5386','236-827-0355','abaraja2g@arizona.edu','2swQHOpx'),(90,'2017-06-10 06:31:54','Winne','Poyle','Melby','Negotin',NULL,'724-767-0209','126-845-5791','wpoyle2h@abc.net.au','XGY2jKXl'),(91,'2018-03-02 00:03:18','Andreas','Whale','Kennedy','Cikiwul Satu',NULL,'417-254-6766','812-278-0588','awhale2i@phoca.cz','isXZKX'),(92,'2017-06-27 23:38:34','Earl','Drover','Melby','Kyaikkami',NULL,'463-368-8221','408-185-9723','edrover2j@unicef.org','27F5ERG'),(93,'2017-10-27 04:29:19','Joelly','Digger','Lawn','Ringinagung',NULL,'856-667-2803','310-276-1192','jdigger2k@ovh.net','czuAnPs'),(94,'2017-09-11 13:18:26','Lynnea','Flarity','Old Shore','Hetang',NULL,'315-615-4797','910-829-3196','lflarity2l@1und1.de','nV8dRDQWBvTz'),(95,'2018-01-23 05:49:04','Antoni','Clemensen','Union','Minūf',NULL,'543-311-1556','890-921-7481','aclemensen2m@cisco.com','UEml7QuW'),(96,'2018-02-07 20:40:17','Marthe','Darke','Green Ridge','Bologna','40128','800-167-8735','691-423-4501','mdarke2n@i2i.jp','tcX5yG6Q'),(97,'2017-05-10 18:19:57','Vilma','Etty','6th','Zheng’an',NULL,'799-804-7108','489-261-6469','vetty2o@blogtalkradio.com','LOKRo0C6'),(98,'2017-12-10 08:05:11','Hollis','Roddy','Saint Paul','Bograd','655340','759-297-0108','172-813-0939','hroddy2p@facebook.com','e4sTdwU8hH0'),(99,'2017-08-12 19:18:35','Ody','Corthes','Hauk','Verkhnye Syn’ovydne',NULL,'363-189-2274','864-508-4026','ocorthes2q@bing.com','4VMmgcFgo97s'),(100,'2017-07-23 23:40:23','Ewan','Sterre','Bunting','Portmore',NULL,'238-616-2687','399-911-1152','esterre2r@ftc.gov','h4U1QqDBiTME'),(101,'2017-11-20 12:56:13','Faustina','Castana','Eliot','Cô Tô',NULL,'673-383-1040','477-434-5176','fcastana2s@bigcartel.com','VmnFE7'),(102,'2017-07-25 13:03:58','Demetra','Honniebal','Maple Wood','Trondheim','7425','754-658-0970','221-397-2671','dhonniebal2t@reuters.com','OglUwYUaVEpY'),(103,'2017-07-17 20:05:01','Gail','Godden','Corry','Valky',NULL,'122-523-4248','279-855-3613','ggodden2u@oaic.gov.au','sMYUikB6Ry'),(104,'2017-08-07 11:31:02','Ermengarde','Woodford','Vidon','Marseille','13219 CEDEX 02','820-769-5524','126-633-5523','ewoodford2v@biglobe.ne.jp','gSQqew7ssHJb'),(105,'2018-01-19 10:08:35','Gal','Lang','Oneill','Fram',NULL,'104-776-9837','751-967-4440','glang2w@europa.eu','P5bvweq3'),(106,'2017-05-22 11:25:55','Judon','Diloway','Schurz','Xinshao',NULL,'275-967-9040','722-331-3101','jdiloway2x@ed.gov','PnvbMddEThBo'),(107,'2017-05-27 18:34:53','Dorey','Danson','Algoma','Lavadorinhos','4415-708','799-604-3230','314-433-5539','ddanson2y@bizjournals.com','lmawfAjK31yY'),(108,'2017-08-24 10:31:06','Anthia','Aupol','Fairview','Xianlong',NULL,'265-176-6194','564-158-3503','aaupol2z@zimbio.com','mDo2ByPf'),(109,'2017-04-01 14:00:13','Hughie','Linford','Reinke','Santa Maria','8011','625-748-6408','628-105-2905','hlinford30@seesaa.net','cKItNRKCBc'),(110,'2017-04-28 23:22:16','Wendi','Triplett','New Castle','Vuka','31403','130-696-3723','506-926-9111','wtriplett31@livejournal.com','pigXBDQY'),(111,'2017-10-04 21:04:37','Marlane','Gianullo','Loeprich','Brvenica','1216','434-761-9994','626-712-7569','mgianullo32@printfriendly.com','z4bs0Y'),(112,'2018-02-08 16:38:53','Carmine','Coldwell','Cordelia','Pisão','3220-331','909-636-2292','968-324-7179','ccoldwell33@163.com','EDrbh8'),(113,'2017-12-28 03:14:53','Natalina','Sorrill','Onsgard','Ytterby','442 53','722-579-7998','489-318-4883','nsorrill34@sogou.com','B634Kcym'),(114,'2017-10-08 00:28:42','Emlynn','Tregenza','Tomscot','Yuwang',NULL,'807-565-8405','591-360-2593','etregenza35@gmpg.org','XXMPaRA'),(115,'2018-01-15 01:07:35','Lorin','Treppas','Cody','Sel’tso','241551','770-422-2280','356-726-5125','ltreppas36@twitpic.com','r2J1zxjnC'),(116,'2017-08-28 03:57:36','Freemon','Freen','American','Qianjiang',NULL,'644-717-7106','823-285-1664','ffreen37@ox.ac.uk','QRTCETZ'),(117,'2017-12-03 11:54:17','Emlen','Jeannenet','Forster','Nouna',NULL,'459-773-5468','946-926-0903','ejeannenet38@surveymonkey.com','OAPm6Nkm0U'),(118,'2017-07-03 22:02:24','Estevan','Green','Oriole','Krajan',NULL,'644-288-1803','851-187-6892','egreen39@accuweather.com','xD1mRL'),(119,'2017-08-09 00:41:33','Bebe','Winchester','Pleasure','Baraya','411067','426-902-7016','205-384-9113','bwinchester3a@posterous.com','07bRtw'),(120,'2017-08-05 00:40:40','Felisha','Zoephel','Miller','Żabia Wola','96-321','374-864-2814','178-815-2777','fzoephel3b@blogspot.com','S7LZjCi'),(121,'2017-10-16 06:36:23','Link','Shawcroft','Buell','Novovasylivka',NULL,'622-693-4172','403-442-1602','lshawcroft3c@si.edu','kOFaNGMQvR53'),(122,'2017-06-02 17:00:52','Maribeth','Fereday','Hooker','Araraquara','14800-000','533-178-7584','972-470-7021','mfereday3d@youku.com','JZZQe2y'),(123,'2017-06-05 18:42:41','Noell','Livezley','Heffernan','Sukkozero','186956','530-162-6996','519-291-4021','nlivezley3e@amazon.co.uk','XIKaUdT5Z'),(124,'2017-05-03 02:00:22','Anders','Moncur','Sloan','Yirshi',NULL,'894-965-6330','224-214-9655','amoncur3f@businessweek.com','CDT7XU1'),(125,'2018-02-11 21:59:26','Carlye','Harsent','Hagan','Buang','1224','929-512-6839','253-932-8638','charsent3g@columbia.edu','kYl4ai'),(126,'2018-03-26 10:26:45','Reynard','Sitlinton','Pine View','Tuka','3120','798-963-6807','504-735-2249','rsitlinton3h@drupal.org','SSgvSwZDfsqu'),(127,'2017-11-03 01:50:55','Warde','Syncke','Oxford','Lubao','2005','652-452-3377','725-556-0315','wsyncke3i@yellowbook.com','lSwZSrI'),(128,'2018-02-17 23:17:11','Nico','Langwade','Jenna','Liuji',NULL,'342-865-1771','358-333-8281','nlangwade3j@skyrock.com','ATjNdtZdet'),(129,'2017-11-12 17:45:52','Shari','Yarnold','Village','Baoping',NULL,'548-133-8489','143-560-7193','syarnold3k@washingtonpost.com','s4RLyyvKa0b'),(130,'2017-04-07 21:26:35','Kermit','Yakubov','Esker','Waegwan',NULL,'138-535-3074','555-613-6214','kyakubov3l@devhub.com','k59j4PaR'),(131,'2017-12-02 17:22:48','Colman','Pinxton','Dapin','Saint-Paul','97435','783-636-1541','411-489-8721','cpinxton3m@usgs.gov','iRYjPQH1JWr'),(132,'2017-08-10 17:27:56','Dmitri','Mantha','Kipling','Babirik',NULL,'357-116-3691','111-321-3432','dmantha3n@yellowbook.com','tnUiU6'),(133,'2017-05-31 18:05:04','Phil','Cassy','Monterey','Kup','46-082','386-294-2678','682-916-6038','pcassy3o@yandex.ru','QOzDTJ1lD'),(134,'2017-10-12 10:25:59','Karie','Leeds','Ruskin','Šumperk','787 01','688-690-2109','702-202-1560','kleeds3p@vistaprint.com','wi6hm4ouye'),(135,'2018-03-18 13:51:34','Jennilee','Acheson','Hanson','Dailing',NULL,'372-253-9611','624-823-2021','jacheson3q@abc.net.au','BziTBSE4'),(136,'2017-06-16 23:07:15','Willetta','Freezor','Nelson','Teryayevo','175147','400-490-4344','630-328-7673','wfreezor3r@naver.com','EX0DAir'),(137,'2017-07-17 21:16:52','Beryle','Mummery','Ilene','Pepe',NULL,'402-365-8597','811-128-9117','bmummery3s@deliciousdays.com','fq9OjbMRi'),(138,'2018-02-21 09:03:13','Archy','Kemson','Lotheville','Varberg','432 51','750-344-2673','761-852-2423','akemson3t@t.co','XcXKR6CgHb9y'),(139,'2017-06-05 04:20:32','Had','Capnor','Lindbergh','Viçosa do Ceará','62300-000','441-292-3858','179-546-4444','hcapnor3u@comcast.net','XR0UEYB'),(140,'2017-07-13 11:27:47','Carter','Okenden','Moose','Sirindhorn','65150','807-686-5627','430-923-2160','cokenden3v@behance.net','SYvRPB3V7'),(141,'2017-05-12 18:06:04','Pepito','Emmanuele','Brickson Park','Luebo',NULL,'769-491-1692','740-609-3946','pemmanuele3w@umich.edu','VyI43G6L'),(142,'2017-04-10 02:26:00','Leena','Eddisforth','Talmadge','Castillos',NULL,'224-166-8403','204-598-0848','leddisforth3x@blog.com','RSB97r'),(143,'2018-01-26 12:02:34','Katina','Sayle','Sutteridge','Arnhem','6804','578-487-9398','434-390-7317','ksayle3y@ehow.com','GUuKtkm'),(144,'2018-03-10 18:35:58','Aura','Kliner','Barby','Ban Dung','41190','899-683-5199','560-688-4220','akliner3z@1und1.de','THV4K77pI'),(145,'2018-01-11 17:37:06','Catharine','Grenshields','Eggendart','Zhongjiapu',NULL,'775-814-2868','425-505-5846','cgrenshields40@cpanel.net','SrC8T1JRj77R'),(146,'2018-03-28 12:10:18','Evie','Dearlove','Kensington','Prakhon Chai','31140','352-341-5709','498-504-9206','edearlove41@taobao.com','4QaCylK'),(147,'2017-12-14 02:49:54','Hedvige','Harniman','Crest Line','Tëploye','242522','193-569-0879','220-814-1890','hharniman42@spiegel.de','DXDtYkdAGPYN'),(148,'2017-10-23 19:58:06','Candis','Carrel','Melrose','Lafiagi',NULL,'636-804-4671','431-204-8184','ccarrel43@paginegialle.it','pFsgmUnu'),(149,'2018-01-10 04:15:44','Philly','Chavrin','Grim','Častolovice','517 50','987-941-4840','359-808-5492','pchavrin44@cmu.edu','129uUIu65'),(150,'2017-05-25 22:26:06','Hillard','Fairbrother','Division','20 de Noviembre','93828','137-702-8501','198-992-5808','hfairbrother45@ovh.net','7LKDS1n'),(151,'2017-12-23 23:27:27','Evonne','Estick','Carpenter','Kurayyimah',NULL,'373-488-5130','647-629-5223','eestick46@sbwire.com','WLU0dkWr'),(152,'2017-12-18 02:45:57','Skip','Rapelli','Glacier Hill','Minusinsk','662622','944-177-3250','646-607-1558','srapelli47@bigcartel.com','aaLKoqC'),(153,'2017-06-04 16:15:35','Tyrone','Diggin','Susan','Gaoqiaolou',NULL,'468-449-5738','307-796-7702','tdiggin48@usnews.com','aPxtzfZ0H'),(154,'2017-08-14 06:12:58','Henry','Savil','Scoville','Dongke',NULL,'726-459-3408','890-978-0286','hsavil49@privacy.gov.au','PP9fB1JB'),(155,'2017-06-24 09:21:23','Maris','Jayme','Oak Valley','Ha',NULL,'112-868-4218','657-758-1819','mjayme4a@digg.com','OcpdRKNx54'),(156,'2017-07-31 16:00:05','Mathias','Frostdicke','Ohio','Shaxi',NULL,'101-685-4471','912-470-0622','mfrostdicke4b@auda.org.au','C5zuIsyH'),(157,'2017-06-05 20:01:15','Berty','Bolstridge','Paget','Moerewa','0244','110-625-6424','107-705-1082','bbolstridge4c@adobe.com','31AIFrW6y'),(158,'2017-05-19 23:58:33','Gardy','Jermey','Stoughton','Mananum','6118','672-594-6677','490-332-7117','gjermey4d@theatlantic.com','cnX9elB8Lf2'),(159,'2018-01-26 19:50:58','Zorana','Furzer','Dunning','Baishi',NULL,'780-554-2059','707-100-0486','zfurzer4e@blogger.com','s78OoB'),(160,'2017-06-17 10:59:03','Jerrie','Tuson','Sutherland','Ventsy','352177','300-201-2032','151-130-9995','jtuson4f@aol.com','EaZtrJs7vF'),(161,'2018-03-02 07:51:03','Lisle','Locksley','Moose','Kamenka','412378','380-441-3521','605-698-5317','llocksley4g@is.gd','TbKbQjxuSYsJ'),(162,'2017-06-07 04:13:41','Imogene','MacCaughey','Roxbury','Vredenburg','7390','963-244-9007','343-155-0539','imaccaughey4h@baidu.com','iUbfbcw8YL2Y'),(163,'2017-11-30 11:15:34','Augy','Boyet','Green Ridge','Banyo',NULL,'707-164-3024','429-539-5588','aboyet4i@about.me','E9J6g5Q7Hcqy'),(164,'2017-07-07 11:02:14','Arther','Hacking','Karstens','Yuktae-dong',NULL,'629-217-8614','260-344-3134','ahacking4j@fema.gov','vKacu0N2'),(165,'2017-05-21 09:04:41','Adrianna','Riveles','Talisman','Wadung',NULL,'567-701-5487','235-212-9155','ariveles4k@t.co','axCPQb'),(166,'2017-10-09 12:45:24','Craig','Bulley','Reindahl','Oslo','0620','417-867-9109','587-374-6415','cbulley4l@macromedia.com','d3Qdxg73ah9J'),(167,'2017-04-07 19:58:09','Kristine','Clampe','Dahle','Miramichi','L7G','274-426-3028','489-823-6416','kclampe4m@nydailynews.com','kZVJ4hhIVG'),(168,'2017-07-11 00:58:53','Mar','Riste','Derek','Dallas','75260','214-297-4229','715-153-1430','mriste4n@indiegogo.com','99CTR8sWy'),(169,'2018-02-14 07:32:53','Lindsay','Barling','Mandrake','Zhuzuo',NULL,'164-865-4440','434-363-0953','lbarling4o@clickbank.net','aIuONvcC'),(170,'2018-01-22 17:54:14','Zolly','Simenel','Reindahl','Cayungnan','2408','460-595-6401','998-387-6197','zsimenel4p@shutterfly.com','dzlVBDRxjE5'),(171,'2017-08-17 13:51:16','Selinda','Jocelyn','Vernon','Tianzhou',NULL,'882-424-2146','419-952-2724','sjocelyn4q@baidu.com','HudPT8wOosa'),(172,'2017-06-17 18:22:35','Enid','Petegre','Kipling','Hluboká nad Vltavou','373 41','618-651-3264','533-835-9116','epetegre4r@opera.com','Exh8Tc'),(173,'2017-05-20 09:07:52','Netty','Dorran','Garrison','Mariental',NULL,'281-906-1575','755-461-7518','ndorran4s@51.la','91uwaRwgU'),(174,'2017-06-20 12:04:50','Cassondra','Inns','Buhler','Sumberagung',NULL,'138-207-3289','979-214-8737','cinns4t@washingtonpost.com','G9oZET7rUC'),(175,'2017-06-25 10:29:59','Anatollo','Callaby','Oriole','Shishan',NULL,'804-114-2938','731-644-1464','acallaby4u@mozilla.org','xyqGZUwd'),(176,'2018-02-27 17:23:15','Hastie','Stetson','Montana','Primorsko-Akhtarsk','353866','597-822-1720','853-859-2292','hstetson4v@geocities.com','WDACm9Nmy8Y'),(177,'2017-12-07 12:41:12','Avril','Woolvin','Aberg','Żabnica','34-382','875-820-3222','788-346-8869','awoolvin4w@about.com','QnYLC3Z'),(178,'2017-07-24 12:48:29','Mufi','Whittington','Shopko','Toulouse','31019 CEDEX 2','185-735-5797','901-612-4844','mwhittington4x@soup.io','rZTS4Dr1RbOS'),(179,'2017-08-07 19:19:52','Dewain','Mansion','Moose','Tuanlin',NULL,'350-510-7850','486-798-3470','dmansion4y@buzzfeed.com','FOKx9b5'),(180,'2018-02-04 14:05:37','Lenci','Sidry','Marcy','Xianghua',NULL,'882-747-8903','995-977-7137','lsidry4z@dion.ne.jp','1jREozYHi7Z'),(181,'2018-03-24 04:58:59','Henrie','Gobeau','Haas','Vila Nova de Gaia','4400-005','701-265-9513','257-638-5352','hgobeau50@bbb.org','Jx7oPz'),(182,'2018-01-26 02:05:14','Carroll','Blumire','Mcbride','Cigadog',NULL,'574-741-0901','718-587-5748','cblumire51@goo.ne.jp','qCGSfGR'),(183,'2017-09-19 23:54:55','Ambrosi','Pimer','Forster','Poręba Spytkowska','32-865','559-145-7480','198-207-2169','apimer52@mozilla.org','GP9OHIochHFF'),(184,'2017-08-03 22:47:28','Konstantine','Darlow','Jay','Kyurdarmir',NULL,'972-221-7874','834-264-4126','kdarlow53@imgur.com','QfIoXgQY8if'),(185,'2017-10-16 12:21:50','Agathe','Schwander','Crescent Oaks','Íos',NULL,'639-333-6553','258-226-0386','aschwander54@dropbox.com','dU6vuvtHXd'),(186,'2017-11-03 06:41:57','Yelena','Beartup','Kennedy','Denver','80249','720-366-3043','877-820-1631','ybeartup55@blinklist.com','QScyQDBG'),(187,'2018-02-28 05:08:54','Frieda','Christoforou','Jana','Mabini','6313','204-601-9332','730-676-6816','fchristoforou56@163.com','lSCLtk6d'),(188,'2017-05-27 20:54:32','Estelle','Abdie','Portage','Palkino','181280','517-390-3432','267-197-9374','eabdie57@nsw.gov.au','PbclkmBlyV'),(189,'2017-07-07 17:47:54','Carlee','Dreossi','8th','Cairo',NULL,'666-561-3938','710-567-0655','cdreossi58@t-online.de','RAFhPey3I'),(190,'2017-08-25 17:04:02','Baird','Harriss','Springs','Helmsange','L-7270','315-345-0377','105-903-9002','bharriss59@pagesperso-orange.fr','mOi5uGv1PLn'),(191,'2017-07-25 00:56:36','Arlette','Gilkison','4th','Liulang',NULL,'149-990-5402','552-158-0323','agilkison5a@surveymonkey.com','BCFcgsZx01tJ'),(192,'2018-03-21 02:07:15','Brade','Tadman','Kensington','Ballinteer','D6W','385-478-4313','240-484-8273','btadman5b@cargocollective.com','gHkx8REE1Kw'),(193,'2017-04-25 03:43:27','Basia','Shill','Loomis','Fonseca','444018','559-730-5172','546-488-3875','bshill5c@wired.com','SHr0CJyDQ3w'),(194,'2018-03-06 02:25:24','Janice','Trood','Pine View','Baghlān',NULL,'652-976-4536','727-475-2429','jtrood5d@rediff.com','BH8HS2xa'),(195,'2017-05-05 08:20:39','Lucretia','Mazonowicz','Toban','Hāsilpur','51130','420-985-7335','680-671-6669','lmazonowicz5e@discovery.com','cn7otD4ynr'),(196,'2017-07-11 12:07:26','Doyle','Clipson','Russell','Chitagá','544038','748-991-1477','570-346-1689','dclipson5f@parallels.com','jXbH75i2bNBs'),(197,'2017-07-11 02:03:20','Decca','Hazlegrove','Nancy','Tegalsari',NULL,'368-935-3965','898-953-1842','dhazlegrove5g@newsvine.com','Sk7QsobzkUgB'),(198,'2017-07-31 12:25:24','Meredithe','Brockett','Sommers','Sorodot',NULL,'241-762-9581','255-779-0137','mbrockett5h@bloglovin.com','4agjJHvf'),(199,'2018-01-19 17:12:14','Somerset','Fellona','Anthes','Austin','78737','512-639-9430','296-441-5142','sfellona5i@weather.com','oWhVyJ'),(200,'2018-01-05 17:51:09','Guntar','Samsin','Almo','Chinú','232059','775-406-1698','829-596-0519','gsamsin5j@hao123.com','EUYBJtoJCI');
/*!40000 ALTER TABLE `customers` ENABLE KEYS */;
UNLOCK TABLES;

--
-- Table structure for table `directors`
--

DROP TABLE IF EXISTS `directors`;
/*!40101 SET @saved_cs_client     = @@character_set_client */;
/*!40101 SET character_set_client = utf8 */;
CREATE TABLE `directors` (
  `intID` int(11) NOT NULL AUTO_INCREMENT,
  `strFirstName` varchar(50) NOT NULL,
  `strLastName` varchar(50) NOT NULL,
  `dteBirthOfYear` date NOT NULL,
  `strText` varchar(500) NOT NULL,
  PRIMARY KEY (`intID`)
) ENGINE=InnoDB AUTO_INCREMENT=51 DEFAULT CHARSET=utf8;
/*!40101 SET character_set_client = @saved_cs_client */;

--
-- Dumping data for table `directors`
--

LOCK TABLES `directors` WRITE;
/*!40000 ALTER TABLE `directors` DISABLE KEYS */;
INSERT INTO `directors` VALUES (1,'Cheslie','Marcam','1930-01-04','Parasympatholytics [anticholinergics and antimuscarinics] and spasmolytics causing adverse effects in therapeutic use'),(2,'Danika','Hitcham','1938-04-06','Other specified miliary tuberculosis, tubercle bacilli not found by bacteriological examination, but tuberculosis confirmed histologically'),(3,'Danyette','Deniseau','1984-05-01','Rhesus isoimmunization, unspecified as to episode of care or not applicable'),(4,'Aldrich','Achrameev','1910-03-31','Embolism and thrombosis of other specified artery'),(5,'Tamqrah','Sutty','1988-09-01','Intraventricular hemorrhage, grade IV'),(6,'Belvia','Raggett','1941-05-03','Respiratory conditions due to smoke inhalation'),(7,'Kris','Greatorex','1944-11-20','Intrauterine synechiae'),(8,'Alf','Hanson','1912-07-08','Basal cell carcinoma of skin of lower limb, including hip'),(9,'Gallagher','Landsbury','1959-01-22','Other motor vehicle nontraffic accident involving collision with moving object injuring occupant of streetcar'),(10,'Andie','Pfiffer','1935-07-25','Degenerative disorder of globe, unspecified'),(11,'Fee','Pardal','1954-07-08','Tuberculous abscess of brain, tubercle bacilli not found by bacteriological examination, but tuberculosis confirmed histologically'),(12,'Inglebert','Beamson','2001-04-30','Aspiration of postnatal stomach contents with respiratory symptoms'),(13,'Jacques','Clifforth','1951-09-06','Other symptoms referable to joint, multiple sites'),(14,'Irving','Launder','1934-07-10','Streptococcus infection in conditions classified elsewhere and of unspecified site, streptococcus, group D [Enterococcus]'),(15,'Mellicent','Zimmerman','1947-06-05','Other inflammations of eyelids'),(16,'Trina','Sneesbie','1971-12-20','Other anomalies of tooth position'),(17,'Ferdie','Leydon','1933-01-09','Diabetes with hyperosmolarity, type II or unspecified type, uncontrolled'),(18,'Reba','Calloway','1987-01-31','Accidental poisoning by other cleansing and polishing agents'),(19,'Malissa','Gwioneth','1923-09-22','Oxytocic agents causing adverse effects in therapeutic use'),(20,'Cherin','Smalles','1978-11-10','Hypertrophy of tongue papillae'),(21,'Junina','Crellim','1923-02-20','Nephrotic syndrome in diseases classified elsewhere'),(22,'Fabian','Woolacott','1936-09-18','Osteoarthrosis, localized, primary, shoulder region'),(23,'Patrizia','Campo','1984-10-19','Degenerative disorder of eyelid, unspecified'),(24,'Hodge','Pickthorn','1945-04-21','Injury due to war operations by fragments from other improvised explosive device [IED]'),(25,'Aggy','Rickeard','1913-10-01','Ancylostomiasis due to ancylostoma duodenale'),(26,'Carolynn','Abelovitz','1919-07-22','Other open skull fracture with subarachnoid, subdural, and extradural hemorrhage, unspecified state of consciousness'),(27,'Petra','Gylle','1910-02-05','Contact dermatitis and other eczema, unspecified cause'),(28,'Benoit','Terrett','1946-04-04','Lesion of ulnar nerve'),(29,'Dido','Leafe','1928-04-18','Posterior dislocation of tibia, proximal end, closed'),(30,'Deni','Aasaf','1917-09-22','Motor vehicle traffic accident involving collision with pedestrian injuring rider of animal; occupant of animal drawn vehicle'),(31,'Margalo','Ramsted','1988-05-27','Unspecified adverse effect of unspecified drug, medicinal and biological substance'),(32,'Tersina','Goodwin','1969-05-31','Uterovaginal prolapse, complete'),(33,'Aliza','Kirdsch','1916-12-19','Noncollision motor vehicle traffic accident while boarding or alighting injuring passenger in motor vehicle other than motorcycle'),(34,'Miof mela','Charlet','1964-12-20','Open fractures involving skull or face with other bones, with cerebral laceration and contusion, with loss of consciousness of unspecified duration'),(35,'Honoria','Ternouth','1948-05-24','Inhalation and ingestion of other object causing obstruction of respiratory tract or suffocation'),(36,'Ethelind','Dohms','1911-05-20','Illegally induced abortion, complicated by metabolic disorder, unspecified'),(37,'Ennis','Foottit','1930-06-21','Celiac disease'),(38,'Steffane','Apfler','1928-07-17','Femoral hernia with gangrene, bilateral (not specified as recurrent)'),(39,'Feodor','McCaughey','1927-04-30','Heat cramps'),(40,'Eduardo','Willder','1904-12-24','Infection and inflammatory reaction due to internal joint prosthesis'),(41,'Kimmie','Emsden','1959-09-22','Railway accident involving explosion, fire, or burning injuring pedal cyclist'),(42,'Lou','Conlaund','1923-05-23','Assault by criminal neglect'),(43,'Keri','Moogan','1941-08-20','Placental polyp, unspecified as to episode of care or not applicable'),(44,'Hulda','Timoney','1934-04-09','Closed fracture of C1-C4 level with other specified spinal cord injury'),(45,'Felicle','Pibsworth','1931-06-14','Lacrimal fistula'),(46,'Flor','Costall','1920-04-21','Malignant neoplasm of frontal sinus'),(47,'Iver','Baddoe','1979-08-07','Syndactyly of fingers without fusion of bone'),(48,'Matt','Rodbourne','1949-06-12','Full-thickness skin loss [third degree, not otherwise specified] of scapular region'),(49,'Issiah','Esselen','1942-08-26','Cervical shortening, unspecified as to episode of care or not applicable'),(50,'Garv','Gailor','1937-12-15','Arthropathy associated with Reiter\'s disease and nonspecific urethritis, shoulder region');
/*!40000 ALTER TABLE `directors` ENABLE KEYS */;
UNLOCK TABLES;

--
-- Table structure for table `genre`
--

DROP TABLE IF EXISTS `genre`;
/*!40101 SET @saved_cs_client     = @@character_set_client */;
/*!40101 SET character_set_client = utf8 */;
CREATE TABLE `genre` (
  `intID` int(11) NOT NULL AUTO_INCREMENT,
  `strName` varchar(50) NOT NULL,
  PRIMARY KEY (`intID`)
) ENGINE=InnoDB AUTO_INCREMENT=12 DEFAULT CHARSET=utf8;
/*!40101 SET character_set_client = @saved_cs_client */;

--
-- Dumping data for table `genre`
--

LOCK TABLES `genre` WRITE;
/*!40000 ALTER TABLE `genre` DISABLE KEYS */;
INSERT INTO `genre` VALUES (1,'Film-Noir'),(2,'Comedy'),(3,'Drama'),(4,'IMAX'),(5,'Romance'),(6,'Crime'),(7,'Documentary'),(8,'Action'),(9,'Horror'),(10,'Thriller'),(11,'Children');
/*!40000 ALTER TABLE `genre` ENABLE KEYS */;
UNLOCK TABLES;

--
-- Table structure for table `isnotinstore`
--

DROP TABLE IF EXISTS `isnotinstore`;
/*!40101 SET @saved_cs_client     = @@character_set_client */;
/*!40101 SET character_set_client = utf8 */;
CREATE TABLE `isnotinstore` (
  `intID` int(11) NOT NULL AUTO_INCREMENT,
  `dteCreated` datetime DEFAULT NULL,
  `intMovieID` int(11) NOT NULL,
  `intRentalLogID` int(11) DEFAULT NULL,
  PRIMARY KEY (`intID`),
  KEY `intMovieID` (`intMovieID`),
  CONSTRAINT `isnotinstore_ibfk_1` FOREIGN KEY (`intMovieID`) REFERENCES `movies` (`intID`)
) ENGINE=InnoDB AUTO_INCREMENT=112 DEFAULT CHARSET=utf8;
/*!40101 SET character_set_client = @saved_cs_client */;

--
-- Dumping data for table `isnotinstore`
--

LOCK TABLES `isnotinstore` WRITE;
/*!40000 ALTER TABLE `isnotinstore` DISABLE KEYS */;
INSERT INTO `isnotinstore` VALUES (1,'2018-04-21 00:00:00',117,1),(2,'2018-04-21 00:00:00',212,31),(3,'2018-04-18 00:00:00',214,54),(4,'2018-04-23 00:00:00',22,75),(5,'2018-04-21 00:00:00',177,94),(6,'2018-04-20 00:00:00',281,101),(7,'2018-04-22 00:00:00',293,108),(8,'2018-04-19 00:00:00',179,123),(9,'2018-04-19 00:00:00',79,124),(10,'2018-04-21 00:00:00',13,125),(11,'2018-04-19 00:00:00',77,185),(12,'2018-04-21 00:00:00',55,206),(13,'2018-04-23 00:00:00',82,223),(14,'2018-04-21 00:00:00',143,246),(15,'2018-04-17 00:00:00',102,249),(16,'2018-04-22 00:00:00',191,257),(17,'2018-04-22 00:00:00',242,269),(18,'2018-04-20 00:00:00',29,331),(19,'2018-04-22 00:00:00',125,343),(20,'2018-04-18 00:00:00',219,351),(21,'2018-04-19 00:00:00',207,375),(22,'2018-04-22 00:00:00',23,394),(23,'2018-04-23 00:00:00',26,427),(24,'2018-04-21 00:00:00',203,456),(25,'2018-04-22 00:00:00',4,462),(26,'2018-04-19 00:00:00',263,482),(27,'2018-04-20 00:00:00',152,515),(28,'2018-04-18 00:00:00',238,547),(29,'2018-04-19 00:00:00',148,557),(30,'2018-04-21 00:00:00',5,583),(31,'2018-04-20 00:00:00',171,599),(32,'2018-04-18 00:00:00',126,669),(33,'2018-04-18 00:00:00',286,680),(34,'2018-04-23 00:00:00',90,701),(35,'2018-04-21 00:00:00',93,724),(36,'2018-04-22 00:00:00',279,739),(37,'2018-04-22 00:00:00',278,743),(38,'2018-04-21 00:00:00',137,752),(39,'2018-04-22 00:00:00',46,805),(40,'2018-04-22 00:00:00',165,813),(41,'2018-04-22 00:00:00',247,855),(42,'2018-04-21 00:00:00',88,866),(43,'2018-04-21 00:00:00',284,867),(44,'2018-04-17 00:00:00',231,879),(45,'2018-04-21 00:00:00',25,883),(46,'2018-04-16 00:00:00',51,890),(47,'2018-04-18 00:00:00',178,909),(48,'2018-04-22 00:00:00',100,991),(49,'2018-04-18 00:00:00',190,1005),(50,'2018-04-20 00:00:00',170,1016),(51,'2018-04-20 00:00:00',95,1019),(52,'2018-04-19 00:00:00',106,1076),(53,'2018-04-20 00:00:00',255,1107),(54,'2018-04-19 00:00:00',290,1111),(55,'2018-04-23 00:00:00',21,1115),(56,'2018-04-21 00:00:00',161,1139),(57,'2018-04-21 00:00:00',146,1142),(58,'2018-04-21 00:00:00',225,1190),(59,'2018-04-22 00:00:00',280,1216),(60,'2018-04-20 00:00:00',31,1226),(61,'2018-04-22 00:00:00',265,1268),(62,'2018-04-22 00:00:00',97,1292),(63,'2018-04-22 00:00:00',271,1328),(64,'2018-04-23 00:00:00',235,1372),(65,'2018-04-17 00:00:00',282,1395),(66,'2018-04-23 00:00:00',198,1424),(67,'2018-04-20 00:00:00',36,1463),(68,'2018-04-22 00:00:00',116,1468),(69,'2018-04-20 00:00:00',213,1473),(70,'2018-04-20 00:00:00',104,1474),(71,'2018-04-20 00:00:00',199,1516),(72,'2018-04-19 00:00:00',248,1523),(73,'2018-04-21 00:00:00',285,1532),(74,'2018-04-21 00:00:00',272,1606),(75,'2018-04-17 00:00:00',57,1608),(76,'2018-04-19 00:00:00',130,1613),(77,'2018-04-22 00:00:00',119,1629),(78,'2018-04-21 00:00:00',227,1662),(79,'2018-04-19 00:00:00',56,1685),(80,'2018-04-19 00:00:00',41,1687),(81,'2018-04-21 00:00:00',66,1692),(82,'2018-04-17 00:00:00',81,1694),(83,'2018-04-23 00:00:00',59,1704),(84,'2018-04-17 00:00:00',155,1709),(85,'2018-04-21 00:00:00',224,1752),(86,'2018-04-20 00:00:00',253,1797),(87,'2018-04-16 00:00:00',185,1802),(88,'2018-04-22 00:00:00',181,1820),(89,'2018-04-21 00:00:00',289,1828),(90,'2018-04-22 00:00:00',45,1832),(91,'2018-04-20 00:00:00',206,1847),(92,'2018-04-21 00:00:00',182,1857),(93,'2018-04-19 00:00:00',172,1886),(94,'2018-04-20 00:00:00',196,1900),(95,'2018-04-20 00:00:00',101,1903),(96,'2018-04-20 00:00:00',258,1916),(97,'2018-04-21 00:00:00',87,1917),(98,'2018-04-22 00:00:00',151,1924),(99,'2018-04-21 00:00:00',147,1929),(100,'2018-04-16 00:00:00',275,1940),(101,'2018-04-21 00:00:00',60,1961),(102,'2018-04-15 00:00:00',209,1968),(103,'2018-04-17 00:00:00',1,1993),(104,'2018-04-19 00:00:00',274,2007),(105,'2018-04-22 00:00:00',107,2060),(106,'2018-04-19 00:00:00',210,2067),(107,'2018-04-21 00:00:00',24,2069),(108,'2018-04-19 00:00:00',132,2092),(109,'2018-04-22 00:00:00',283,2111),(110,'2018-04-19 00:00:00',109,2177),(111,'2018-04-17 00:00:00',176,2183);
/*!40000 ALTER TABLE `isnotinstore` ENABLE KEYS */;
UNLOCK TABLES;

--
-- Table structure for table `isnotinstorebackup`
--

DROP TABLE IF EXISTS `isnotinstorebackup`;
/*!40101 SET @saved_cs_client     = @@character_set_client */;
/*!40101 SET character_set_client = utf8 */;
CREATE TABLE `isnotinstorebackup` (
  `intID` int(11) NOT NULL AUTO_INCREMENT,
  `intBackUpID` int(11) DEFAULT NULL,
  `dteCreated` datetime DEFAULT NULL,
  `intMovieID` int(11) NOT NULL,
  `intRentalLogID` int(11) DEFAULT NULL,
  PRIMARY KEY (`intID`)
) ENGINE=InnoDB DEFAULT CHARSET=utf8;
/*!40101 SET character_set_client = @saved_cs_client */;

--
-- Dumping data for table `isnotinstorebackup`
--

LOCK TABLES `isnotinstorebackup` WRITE;
/*!40000 ALTER TABLE `isnotinstorebackup` DISABLE KEYS */;
/*!40000 ALTER TABLE `isnotinstorebackup` ENABLE KEYS */;
UNLOCK TABLES;

--
-- Table structure for table `movieactor`
--

DROP TABLE IF EXISTS `movieactor`;
/*!40101 SET @saved_cs_client     = @@character_set_client */;
/*!40101 SET character_set_client = utf8 */;
CREATE TABLE `movieactor` (
  `intMovieID` int(11) NOT NULL,
  `intActorID` int(11) NOT NULL,
  KEY `intMovieID` (`intMovieID`),
  KEY `intActorID` (`intActorID`),
  CONSTRAINT `movieactor_ibfk_1` FOREIGN KEY (`intMovieID`) REFERENCES `movies` (`intID`),
  CONSTRAINT `movieactor_ibfk_2` FOREIGN KEY (`intActorID`) REFERENCES `actors` (`intID`)
) ENGINE=InnoDB DEFAULT CHARSET=utf8;
/*!40101 SET character_set_client = @saved_cs_client */;

--
-- Dumping data for table `movieactor`
--

LOCK TABLES `movieactor` WRITE;
/*!40000 ALTER TABLE `movieactor` DISABLE KEYS */;
INSERT INTO `movieactor` VALUES (25,178),(236,199),(187,34),(76,201),(286,150),(125,288),(179,25),(207,111),(161,291),(11,83),(285,149),(263,76),(159,202),(291,130),(232,73),(287,12),(229,241),(13,142),(154,270),(144,24),(55,88),(188,220),(141,167),(60,162),(285,54),(34,285),(142,90),(218,89),(63,259),(1,148),(58,157),(10,148),(257,66),(41,257),(139,228),(187,37),(202,110),(104,65),(158,188),(129,30),(178,140),(188,41),(278,185),(227,195),(6,88),(212,141),(120,55),(241,186),(117,223),(79,123),(97,191),(247,217),(43,110),(21,279),(120,276),(53,147),(173,78),(232,53),(27,248),(227,149),(130,277),(159,150),(278,96),(211,127),(284,19),(16,192),(18,279),(63,15),(120,177),(241,100),(89,194),(127,91),(41,202),(61,236),(136,199),(164,271),(289,278),(233,75),(124,147),(5,30),(142,189),(42,130),(110,45),(115,233),(298,125),(135,205),(233,19),(51,207),(248,135),(253,135),(226,93),(10,120),(115,115),(28,298),(186,258),(151,72),(184,203),(78,279),(238,124),(56,243),(293,271),(177,47),(59,214),(123,199),(217,230),(282,26),(77,241),(30,219),(251,287),(138,159),(48,92),(99,273),(59,172),(282,26),(136,66),(28,248),(95,29),(12,64),(81,17),(228,225),(98,279),(223,107),(60,59),(173,166),(222,52),(142,172),(134,15),(140,256),(290,23),(225,232),(101,152),(293,290),(62,34),(242,196),(82,50),(256,147),(222,123),(81,197),(89,183),(273,20),(265,115),(45,184),(115,15),(253,226),(37,185),(283,195),(174,170),(103,149),(158,185),(235,36),(233,132),(62,133),(170,40),(177,172),(215,152),(105,2),(56,199),(265,249),(51,69),(151,33),(113,269),(128,101),(200,176),(170,188),(136,86),(298,12),(94,5),(12,19),(36,284),(186,146),(73,203),(135,109),(218,158),(164,244),(218,52),(240,102),(83,33),(104,205),(3,154),(173,29),(284,252),(11,179),(206,67),(216,156),(98,18),(11,265),(150,157),(2,181),(158,19),(133,8),(20,90),(118,240),(209,21),(239,154),(279,55),(60,252),(100,159),(91,10),(225,211),(121,138),(1,190),(123,300),(106,26),(100,83),(27,251),(221,76),(194,61),(80,46),(110,246),(241,294),(296,179),(268,82),(230,186),(284,242),(166,163),(188,73),(29,182),(76,235),(191,197),(25,166),(85,122),(206,34),(185,199),(168,227),(213,72),(102,120),(74,282),(225,13),(262,271),(291,82),(26,232),(92,158),(126,218),(177,106),(179,117),(211,51),(26,97),(288,278),(53,79),(10,50),(267,177),(300,183),(95,178),(175,258),(198,63),(74,157),(194,91),(223,94),(118,227),(262,263),(14,176),(295,111),(282,299),(216,75),(260,71),(35,94),(104,42),(34,17),(140,85),(93,82),(237,176),(80,289),(212,70),(8,228),(229,233),(293,143),(114,119),(75,77),(97,176),(12,110),(234,172),(4,286),(21,193),(14,21),(72,186),(294,212),(133,49),(86,146),(50,40),(57,289),(136,211),(182,232),(181,149),(238,77),(125,211),(46,295),(135,109),(90,165),(235,52),(156,38),(163,62),(208,150),(128,240),(257,200),(181,115),(119,277),(261,6),(42,210),(164,237),(178,283),(99,226),(60,17),(184,141),(207,167),(178,290),(165,203),(101,235),(200,79),(146,18),(215,116),(110,161),(89,94),(102,239),(12,221),(159,62),(174,154),(263,87),(103,76),(159,27),(34,77),(296,9),(31,117),(217,103),(205,17),(251,175),(5,282),(243,284),(68,46),(7,18),(274,223),(194,127),(30,174),(93,37),(233,98),(169,86),(12,92),(58,172),(284,245),(29,253),(189,235),(53,164),(129,140),(227,44),(33,138),(30,103),(213,166),(116,125),(77,3),(214,92),(255,186),(274,233),(272,53),(148,147),(217,47),(92,72),(10,293),(91,177),(245,21),(27,31),(17,189),(117,190),(63,29),(117,258),(266,276),(87,300),(152,67),(162,4),(159,250),(53,252),(67,239),(50,91),(98,195),(176,215),(45,20),(228,12),(142,239),(160,152),(226,294),(237,38),(41,126),(19,1),(205,278),(33,258),(117,204),(151,103),(11,258),(252,126),(99,272),(35,85),(156,179),(143,184),(287,21),(67,231),(12,160),(145,184),(115,232),(166,195),(287,112),(111,188),(244,50),(174,40),(77,264),(147,292),(9,246),(228,152),(252,149),(120,164),(6,129),(41,82),(265,173),(23,282),(288,22),(146,71),(27,131),(258,202),(77,93),(18,41),(268,274),(167,31),(166,6),(77,259),(159,135),(62,180),(103,247),(103,110),(285,275),(290,131),(177,82),(27,247),(209,238),(87,287),(221,284),(58,215),(144,21),(212,296),(75,130),(42,288),(109,163),(131,239),(244,283),(75,113),(34,243),(176,240),(135,60),(108,261),(72,190),(259,93),(91,123),(21,98),(224,222),(55,122),(102,13),(160,279),(141,243),(8,206),(35,72),(226,43),(298,247),(20,70),(148,277),(270,203),(123,236),(185,248),(136,134),(32,13),(171,139),(116,116),(48,221),(257,218),(247,216),(72,239),(126,254),(262,154),(172,138),(128,113),(149,129),(249,263),(75,54),(55,193),(117,165),(232,32),(144,259),(270,262),(293,79),(9,64),(167,243),(207,90),(138,251),(250,235),(126,9),(248,26),(1,207),(152,159),(44,291),(299,159),(190,255),(184,124),(73,263),(295,224),(124,211),(200,211),(75,79),(52,26),(57,31),(223,245),(245,148),(97,173),(169,73),(229,272),(26,242),(113,236),(287,217),(263,51),(98,190),(16,28),(152,32),(242,14),(185,40),(170,124),(73,171),(292,249),(2,176),(171,21),(182,238),(276,178),(4,60),(88,172),(115,276),(274,16),(247,76),(160,4),(183,33),(292,169),(163,208),(234,140),(230,11),(29,289),(284,250),(206,70),(220,114),(60,259),(258,243),(261,183),(46,128),(92,25),(258,62),(149,11),(30,36),(18,41),(225,140),(190,271),(54,174),(96,155),(296,33),(105,62),(172,59),(18,93),(288,179),(76,56),(57,30),(292,29),(158,26),(194,287),(215,144),(17,173),(25,153),(36,104),(199,168),(83,98),(178,217),(28,173),(179,185),(83,78),(253,293),(100,230),(167,107),(73,252),(135,285),(8,58),(10,263),(122,75),(9,159),(262,1),(65,141),(218,270),(91,253),(248,235),(111,160),(33,131),(174,243),(209,177),(185,190),(283,39),(58,25),(127,189),(85,225),(34,265),(96,256),(241,20),(243,206),(103,102),(227,178),(47,226),(139,4),(181,62),(8,26),(131,234),(131,49),(225,263),(63,195),(33,54),(257,91),(175,119),(174,74),(273,90),(142,295),(79,236),(141,51),(97,178),(194,30),(77,194),(115,131),(143,165),(205,224),(17,266),(67,262),(247,279),(276,284),(6,132),(250,140),(109,103),(189,99),(282,85),(152,3),(262,238),(223,205),(152,102),(237,233),(276,225),(66,66),(32,3),(120,140),(188,260),(221,39),(246,1),(213,57),(242,286),(235,128),(44,273),(38,141),(147,145),(188,16),(281,174),(203,61),(232,30),(2,64),(150,194),(24,27),(186,211),(158,102),(149,169),(245,208),(97,21),(117,49),(61,67),(207,50),(175,267),(95,50),(126,79),(113,38),(288,300),(232,210),(131,261),(62,300),(113,146),(234,192),(133,258),(3,87),(227,272),(26,74),(31,187),(218,135),(142,90),(39,82),(143,247),(65,35),(54,55),(130,146),(91,177),(40,99),(36,173),(46,172),(123,297),(3,106),(30,90),(70,19),(217,270),(248,259),(183,239),(163,283),(15,134),(268,91),(264,34),(153,268),(66,267),(149,44),(246,151),(154,88),(260,219),(144,31),(223,187),(205,138),(245,9),(106,5),(199,240),(283,97),(27,137),(260,153),(236,21),(121,15),(31,243),(166,206),(247,274),(153,8),(114,215),(87,237),(174,174),(218,149),(182,17),(175,292),(287,131),(24,84),(15,24),(94,129),(116,110),(91,127),(291,209),(196,262),(101,189),(6,262),(62,242),(78,25),(11,264),(85,231),(290,242),(105,131),(174,108),(133,287),(53,260),(197,268),(99,163),(131,165),(169,291),(102,149),(56,68),(252,55),(267,233),(33,220),(132,67),(99,223),(189,182),(256,173),(298,167),(238,87),(224,107),(220,103),(28,153),(233,158),(109,193),(151,219),(188,202),(280,148),(244,36),(170,179),(181,43),(290,88),(162,293),(49,32),(14,269),(135,71),(159,38),(261,99),(55,284),(268,251),(207,160),(98,121),(147,173),(180,101),(293,45),(196,93),(101,2),(232,192),(226,254),(86,213),(109,253),(196,240),(221,284),(285,166),(236,246),(276,56),(10,39),(280,39),(158,5),(71,60),(84,100),(58,85),(293,223),(42,58),(67,137),(105,293),(283,234),(72,68),(282,111),(57,60),(21,114),(131,82),(296,33),(131,227),(287,216),(243,194),(296,39),(117,272),(154,47),(63,166),(192,59),(217,14),(201,83),(126,295),(130,118),(157,290),(144,6),(43,285),(80,85),(165,32),(127,6),(199,292),(168,11),(255,226),(58,80),(110,111),(171,11),(231,76),(144,138),(211,61),(22,202),(52,143),(152,202),(77,120),(124,130),(25,264),(42,162),(14,223),(195,109),(166,156),(73,253),(185,163),(119,144),(273,161),(295,207),(150,44),(29,182),(285,165),(227,235),(12,150),(9,231),(191,162),(221,294),(138,57),(224,234),(30,83),(102,10),(292,58),(38,163),(281,225),(293,107),(233,266),(207,164),(91,15),(123,196),(294,96),(70,165),(234,297),(240,159),(199,39),(111,116),(7,201),(65,104),(195,188),(207,206),(217,48),(159,234),(298,277),(109,120),(123,85),(171,210),(180,135),(129,112),(180,231),(142,75),(299,34),(228,68),(152,290),(220,73),(234,201),(146,74),(111,265),(21,253),(101,93),(57,34),(112,95),(127,91),(244,27),(131,210),(183,196),(74,231),(40,170),(114,34),(199,250),(243,117),(260,47),(92,34),(17,145),(52,256),(163,183),(296,180),(99,72),(233,46),(228,171),(204,199),(242,156),(139,269),(272,15),(287,229),(79,272),(9,101),(144,222),(35,187),(185,298),(11,132),(112,234),(63,61),(258,8),(92,82),(115,195),(186,182),(4,274),(292,265),(19,105),(188,262),(50,104),(110,238),(250,164),(186,296),(58,201),(23,269),(135,3),(75,178),(229,151),(72,208),(296,150),(22,47),(290,28),(98,5),(99,122),(275,107),(129,27),(127,31),(86,254),(5,79),(139,132),(33,123),(169,83),(170,114),(123,181),(231,143),(17,177),(30,55),(66,61),(128,175),(271,218),(47,119),(227,192),(123,148),(168,135),(113,183),(253,200),(103,85),(266,239),(29,62),(21,211),(224,193),(274,142),(90,204),(38,164),(268,200),(45,13),(87,37),(148,119),(148,5),(148,194);
/*!40000 ALTER TABLE `movieactor` ENABLE KEYS */;
UNLOCK TABLES;

--
-- Table structure for table `movies`
--

DROP TABLE IF EXISTS `movies`;
/*!40101 SET @saved_cs_client     = @@character_set_client */;
/*!40101 SET character_set_client = utf8 */;
CREATE TABLE `movies` (
  `intID` int(11) NOT NULL AUTO_INCREMENT,
  `dteCreated` datetime DEFAULT NULL,
  `strName` varchar(200) NOT NULL,
  `strYear` varchar(12) NOT NULL,
  `intPriceCategoryID` int(11) NOT NULL,
  `intDirectorID` int(11) NOT NULL,
  `intGenreID` int(11) NOT NULL,
  `strGenre` varchar(100) DEFAULT NULL,
  `strLength` varchar(6) DEFAULT NULL,
  `strISBN` varchar(20) NOT NULL,
  `strDescription` varchar(255) NOT NULL,
  `strtext` varchar(1000) NOT NULL,
  PRIMARY KEY (`intID`)
) ENGINE=InnoDB AUTO_INCREMENT=301 DEFAULT CHARSET=utf8;
/*!40101 SET character_set_client = @saved_cs_client */;

--
-- Dumping data for table `movies`
--

LOCK TABLES `movies` WRITE;
/*!40000 ALTER TABLE `movies` DISABLE KEYS */;
INSERT INTO `movies` VALUES (1,'2017-07-04 05:22:38','Rimini, Rimini: A Year Later','1918-05-10',4,46,11,'Comedy','159','982085645-0','35 weeks gestation of pregnancy','Control Bleeding in Left Wrist Region, Percutaneous Approach'),(2,'2017-04-17 16:28:10','Emperor Waltz, The','1939-02-16',4,21,2,'Comedy|Musical|Romance','172','914135917-8','Immuniz not crd out bec chronic illness or cond of patient','Repair Left Eustachian Tube, Percutaneous Approach'),(3,'2017-11-02 01:16:36','How to Murder Your Wife','1946-09-30',5,22,1,'Comedy','174','854720619-1','Oth injury due to oth accident on board canoe/kayk, sequela','Revision of Autologous Tissue Substitute in Chest Wall, Percutaneous Endoscopic Approach'),(4,'2017-04-05 00:22:06','G-Force','2006-06-17',5,33,2,'Action|Adventure|Children|Fantasy','122','040794721-3','Rheu heart disease w rheumatoid arthritis of l shoulder','Restriction of Right Subclavian Artery, Open Approach'),(5,'2017-10-14 10:42:47','Iron Island (Jazireh Ahani)','1931-05-01',5,42,2,'Drama','195','599472082-8','Poisoning by antithrombotic drugs, self-harm, sequela','Insertion of Reservoir into Chest Subcutaneous Tissue and Fascia, Percutaneous Approach'),(6,'2017-10-14 21:56:15','Disney Sing Along Songs: Under the Sea','2017-10-20',4,7,9,'Animation|Children|Musical','198','439492157-0','Sltr-haris Type II physeal fx phalanx of unsp toe, sequela','Drainage of Left Brachial Vein, Percutaneous Endoscopic Approach, Diagnostic'),(7,'2017-09-01 15:43:36','Waist Deep','2017-07-09',3,30,9,'Action|Crime|Drama|Thriller','193','465038539-3','Occupant (driver) of 3-whl mv injured in unsp nontraf','Excision of Left Knee Bursa and Ligament, Percutaneous Approach, Diagnostic'),(8,'2017-06-27 07:14:00','Film Noir: Bringing Darkness to Light','2013-12-18',2,15,9,'Documentary','169','140806247-X','Unsp dislocation of unspecified shoulder joint, sequela','Supplement Right Renal Vein with Nonautologous Tissue Substitute, Open Approach'),(9,'2017-10-05 01:49:31','Jim Gaffigan: Mr. Universe','1919-08-24',5,34,1,'Comedy','180','041565494-7','Nondisp fx of trapezium, right wrist, subs for fx w malunion','Destruction of Right Internal Mammary Artery, Open Approach'),(10,'2017-05-07 15:26:08','Trailer Park Boys: Countdown to Liquor Day','1962-09-15',3,41,4,'Comedy|Crime','195','737461827-1','Exposure to X-rays, initial encounter','Robotic Assisted Procedure of Lower Extremity'),(11,'2017-05-04 12:23:38','Madigan','1937-01-30',2,42,1,'Crime|Drama','107','344502477-4','Toxic effect of dichloromethane, intentional self-harm, init','Resection of Left Main Bronchus, Percutaneous Endoscopic Approach'),(12,'2017-06-09 15:29:24','Asterix in Britain (Astérix chez les Bretons)','1917-08-09',5,2,5,'Adventure|Animation|Children|Comedy','186','778581671-9','Peripheral T-cell lymphoma, not classified, unspecified site','Revision of Autologous Tissue Substitute in Left Breast, Open Approach'),(13,'2017-07-23 07:00:11','Tarda estate','1934-11-02',3,18,8,'Drama','112','531799817-4','Indeterminate leprosy','Excision of Uterus, Via Natural or Artificial Opening Endoscopic, Diagnostic'),(14,'2017-05-26 16:00:17','Airplane II: The Sequel','1964-12-01',5,9,4,'Comedy','184','096316897-5','Toxic effect of rodenticides, assault, sequela','Destruction of Right Lower Arm Subcutaneous Tissue and Fascia, Percutaneous Approach'),(15,'2017-04-29 19:50:07','Bunch Of Amateurs, A','1964-04-09',1,7,5,'Comedy','150','854544505-9','Terorsm w oth explosn and fragmt, publ sfty offcl inj, init','Bypass Right Femoral Vein to Lower Vein, Open Approach'),(16,'2017-05-17 03:02:11','The Invitation','1940-08-29',2,5,8,'Drama|Horror|Thriller','123','828053361-3','Nondisp fx of shaft of 1st MC bone, l hand, init for opn fx','Sensory Awareness/Processing/Integrity Assessment of Neurological System - Upper Back / Upper Extremity'),(17,'2017-09-25 22:46:55','Strange Brew','2017-06-26',2,12,9,'Comedy','186','794908143-0','Other disorders of patella, right knee','Inspection of Trachea, External Approach'),(18,'2017-08-15 04:44:38','Dances Sacred and Profane','1998-07-29',3,6,2,'Documentary','177','374919925-6','Bent bone of l ulna, subs for opn fx type I/2 w routn heal','Removal of Bandage on Right Upper Arm'),(19,'2017-08-30 14:15:08','In Your Hands','2002-12-21',2,47,5,'Drama','97','215922621-1','Nondisp fx of base of third metacarpal bone, left hand','Supplement Cisterna Chyli with Synthetic Substitute, Percutaneous Endoscopic Approach'),(20,'2017-09-10 07:38:46','Last Dispatch, The','2000-02-22',5,47,2,'Documentary','165','384154951-9','Apparent life threatening event in infant (ALTE)','Reposition Right Metatarsal-Phalangeal Joint with External Fixation Device, Percutaneous Endoscopic Approach'),(21,'2017-08-31 00:49:18','Quiet Man, The','1983-05-10',5,32,4,'Drama|Romance','125','400529664-5','Sltr-haris Type III physl fx lower end humer, unsp arm, init','Occlusion of Right Femoral Vein with Extraluminal Device, Open Approach'),(22,'2017-09-06 23:00:39','Macbeth','1939-05-20',5,12,3,'Drama','137','069111941-4','Lac w/o fb of l little finger w/o damage to nail, subs','Insertion of Internal Fixation Device into Left Finger Phalangeal Joint, Percutaneous Endoscopic Approach'),(23,'2017-07-24 14:52:39','It\'s a Disaster','1975-08-03',4,44,4,'Comedy|Drama','167','473615733-X','Toxic effect of zinc and its compounds, self-harm, sequela','Release Left Elbow Bursa and Ligament, Open Approach'),(24,'2017-06-09 21:38:48','Hollywood Complex, The','2004-09-22',3,39,9,'Documentary','184','506073294-0','Infection of amputation stump, unspecified extremity','Release Right Lower Eyelid, Percutaneous Approach'),(25,'2017-11-22 20:45:47','Princess for Christmas, A','1999-04-24',5,5,9,'Children|Comedy','123','125170384-4','Retained (old) foreign body in vitreous body, left eye','Extirpation of Matter from Left Inguinal Lymphatic, Percutaneous Endoscopic Approach'),(26,'2017-10-23 16:12:32','[REC]','1987-10-22',2,8,7,'Drama|Horror|Thriller','185','410524111-7','Fracture of medial condyle of femur','Removal of Monitoring Device from Left Lung, Via Natural or Artificial Opening Endoscopic'),(27,'2017-10-01 04:43:27','Shadow Warriors 2 (Assault on Devil\'s Island)','1974-01-02',4,23,2,'Action|Adventure|Thriller','196','302951489-7','Age-rel osteopor w current path fracture, r femur, sequela','Inspection of Right Metatarsal-Phalangeal Joint, Percutaneous Approach'),(28,'2017-07-10 06:53:47','Queen to Play (Joueuse)','1920-12-14',5,37,4,'Drama','133','712200612-3','Open wound of thumb with damage to nail','Supplement Sacral Nerve with Autologous Tissue Substitute, Percutaneous Approach'),(29,'2017-06-26 08:12:28','Doc Savage: The Man of Bronze','1983-11-16',5,21,4,'Adventure','191','689306215-X','Toxic effect of corrosv alkalis and alk-like substnc, asslt','Removal of Infusion Device from Left Finger Phalangeal Joint, Open Approach'),(30,'2017-08-09 07:17:57','When Love Is Not Enough: The Lois Wilson Story','1992-07-10',4,11,6,'Drama','91','993117351-3','Nondisp transverse fx shaft of unsp fibula, 7thB','Destruction of Left Superior Parathyroid Gland, Percutaneous Endoscopic Approach'),(31,'2017-04-04 07:25:50','April Love','2004-10-24',4,18,4,'Comedy|Drama|Musical','182','651398216-2','Maternal care for oth rhesus isoimmun, third tri, fetus 5','Insertion of Intraluminal Device into Ileum, Percutaneous Approach'),(32,'2017-05-28 06:48:27','King\'s Ransom','1955-04-13',1,8,11,'Comedy|Crime','163','370334851-8','Milt op involving gasoline bomb, military personnel, init','Magnetic Resonance Imaging (MRI) of Lower Extremity Connective Tissue using Other Contrast, Unenhanced and Enhanced'),(33,'2017-09-06 05:36:18','Sure Thing, The','1936-10-09',5,26,10,'Comedy|Romance','112','844434660-8','Underdosing of local anesthetics','Dilation of Hepatic Artery, Bifurcation, with Intraluminal Device, Percutaneous Endoscopic Approach'),(34,'2017-09-10 08:39:21','Loose Change 9/11: An American Coup','1979-02-10',1,32,5,'Documentary','165','164219168-X','Idiopathic chronic gout, unsp ankle and foot, with tophus','High Dose Rate (HDR) Brachytherapy of Pelvis Lymphatics using Californium 252 (Cf-252)'),(35,'2017-05-12 14:17:48','Gorko!','1934-02-18',3,16,5,'Comedy','176','124626343-2','Unspecified subluxation of left ring finger, init encntr','Supplement Sacrum with Autologous Tissue Substitute, Open Approach'),(36,'2017-07-05 20:53:53','Winnetou: The Last Shot','1928-11-16',2,37,7,'Action|Adventure|Western','146','578198286-8','Unsp injury of posterior tibial artery, left leg, subs','Drainage of Left Carpal Joint, Open Approach, Diagnostic'),(37,'2017-10-30 18:43:29','Hide Your Smiling Faces','1920-11-04',5,27,10,'Drama','135','604054531-3','Prph tear of lat mensc, current injury, left knee, init','Introduction of Oxazolidinones into Pleural Cavity, Percutaneous Approach'),(38,'2017-05-14 13:17:34','Kid Brother, The','1989-10-31',2,49,7,'Children|Comedy|Romance','143','272197247-2','Unsp car occupant injured in collision w van in traf, init','Reposition Sacral Nerve, Open Approach'),(39,'2017-05-09 18:07:11','Flight','1973-10-01',2,31,10,'Drama','178','485036398-9','Nondisp fx of distal phalanx of unsp thumb, init for clos fx','Supplement Right Greater Saphenous Vein with Autologous Tissue Substitute, Percutaneous Endoscopic Approach'),(40,'2017-10-03 03:58:01','America 3000','1918-08-20',5,48,6,'Action|Adventure|Sci-Fi','115','014521303-X','Nondisp fx of nk of 5th MC bone, r hand, 7thP','Excision of Right Ulnar Artery, Open Approach'),(41,'2017-09-04 01:03:44','Happening, The','1925-05-22',2,2,8,'Drama|Sci-Fi|Thriller','172','268084173-5','Injury of median nerve at upper arm level, left arm','Supplement Right Nipple with Synthetic Substitute, External Approach'),(42,'2017-12-17 01:38:00','Ski Patrol','2004-03-01',3,18,4,'Action|Comedy','199','251868383-6','Unsp injury of dorsal artery of left foot, init encntr','Wheelchair Mobility Assessment using Assistive, Adaptive, Supportive or Protective Equipment'),(43,'2017-08-26 11:49:14','Now!','1963-04-06',1,43,7,'Documentary','188','874837759-7','Struck by nonvenomous snake, subsequent encounter','Positron Emission Tomographic (PET) Imaging of Lungs and Bronchi using Fluorine 18 (F-18)'),(44,'2017-04-24 17:32:03','Colombiana','1974-11-20',1,47,3,'Action|Adventure|Drama|Thriller','136','174727910-2','Other cystitis','Removal of Drainage Device from Lower Intestinal Tract, Open Approach'),(45,'2017-08-18 01:40:25','Neverwas','1931-10-28',5,17,3,'Drama|Fantasy|Mystery','134','553333715-6','Laceration with foreign body, unspecified hip, sequela','Revision of Autologous Tissue Substitute in Lower Artery, Open Approach'),(46,'2017-08-09 17:51:01','Mondo Cane','1977-12-18',4,2,6,'Documentary','179','612264853-1','Parasitic endophthalmitis, unspecified, unspecified eye','Restriction of Right Inguinal Lymphatic, Open Approach'),(47,'2017-10-30 16:11:31','Source Code','1953-04-02',4,3,4,'Action|Drama|Mystery|Sci-Fi|Thriller','116','585243565-1','Displaced dome fracture of unsp acetabulum, init for clos fx','Introduction of Other Anti-infective into Spinal Canal, Percutaneous Approach'),(48,'2017-04-09 01:03:04','Dressed to Kill','1937-07-16',2,39,3,'Mystery|Thriller','177','083409403-7','I/I react d/t other prosth dev/grft in urinary system, subs','Supplement Left External Iliac Artery with Synthetic Substitute, Open Approach'),(49,'2017-10-21 17:44:40','Fade to Black','2013-03-02',1,11,5,'Documentary','159','940859878-4','I/I react d/t implnt elec nstim of spinal cord, lead','Beam Radiation of Pineal Body using Photons 1 - 10 MeV'),(50,'2017-07-07 19:41:06','A Spell to Ward Off the Darkness','2005-12-04',1,39,9,'Documentary','92','923957460-3','Other antepartum hemorrhage, unspecified trimester','Restriction of Left Internal Mammary Lymphatic with Intraluminal Device, Percutaneous Approach'),(51,'2017-10-29 15:19:08','Morning for the Osone Family','1944-09-07',3,7,8,'(no genres listed)','104','117506476-9','Recurrent dislocation, knee','Excision of Left Pleura, Percutaneous Endoscopic Approach'),(52,'2017-04-05 14:51:10','Bill & Ted\'s Bogus Journey','1993-05-07',2,23,10,'Adventure|Comedy|Fantasy|Sci-Fi','178','641068522-X','Other subluxation of left wrist and hand','Extirpation of Matter from Right Ankle Joint, Percutaneous Approach'),(53,'2017-07-30 13:19:18','Don\'t Be Afraid of the Dark','1953-07-30',4,28,4,'Horror|Thriller','186','390679452-0','Displ seg fx shaft of l fibula, subs for clos fx w nonunion','Reposition Left Hand Bursa and Ligament, Percutaneous Endoscopic Approach'),(54,'2017-11-06 01:51:51','Little Engine That Could, The','1951-11-14',4,34,11,'Animation|Children','116','282993115-7','Nondisp fx of med malleolus of l tibia, 7thE','Drainage of Left Foot Artery with Drainage Device, Percutaneous Approach'),(55,'2017-12-04 03:44:58','Bright Star','2003-09-06',5,38,11,'Drama|Romance','110','198425703-X','Physeal arrest, forearm','Excision of Right Renal Artery, Percutaneous Approach'),(56,'2017-07-23 16:35:57','Hannah Montana: The Movie','1935-05-15',3,43,9,'Comedy|Drama|Musical|Romance','99','525237172-5','Nondisp fx of body of unsp calcaneus, 7thG','Alteration of Right Buttock with Autologous Tissue Substitute, Open Approach'),(57,'2017-05-13 14:46:19','Amor?','1978-08-30',1,21,5,'Drama','129','026536698-4','Poisoning by anthelminthics, undetermined, sequela','Drainage of Cranial Cavity, Open Approach, Diagnostic'),(58,'2017-04-13 07:03:53','Terror of Mechagodzilla (Mekagojira no gyakushu)','1925-10-02',2,14,1,'Action|Sci-Fi','191','401540143-3','Complications of anesthesia during the puerperium','Revision of Synthetic Substitute in Left Knee Joint, Percutaneous Endoscopic Approach'),(59,'2017-07-06 01:27:50','A Magnificent Haunting','1964-02-27',2,15,3,'Drama','165','866619090-6','Serous choroidal detachment, bilateral','Restriction of Left Kidney Pelvis with Intraluminal Device, Percutaneous Approach'),(60,'2017-07-20 22:16:23','Two Night Stand','1967-05-22',3,50,8,'Comedy|Romance','105','922221122-7','Lacerat unsp musc/fasc/tend at forarm lv, left arm, sequela','Destruction of Left Nipple, Percutaneous Approach'),(61,'2017-10-29 20:04:09','Man from the Future, The (O Homem do Futuro)','1963-03-05',3,28,7,'Comedy|Fantasy|Sci-Fi','92','117235554-1','Exhaustion due to exposure, sequela','Drainage of Left Internal Mammary Artery, Percutaneous Approach'),(62,'2017-10-03 08:55:42','Jason and the Argonauts','1968-05-16',4,14,5,'Action|Adventure|Fantasy','145','133631858-9','Oth fx upr and low end l fibula, subs for clos fx w malunion','Supplement Right Orbit with Nonautologous Tissue Substitute, Percutaneous Approach'),(63,'2017-07-21 01:49:30','House of Angels (Änglagård)','1930-01-11',3,28,2,'Comedy|Drama','120','475049091-1','Multiple fractures of pelvis w/o disruption of pelvic ring','Drainage of Right Cornea, External Approach'),(64,'2017-08-23 21:48:26','Juha','1936-01-13',5,19,2,'Comedy|Drama|Romance','108','043888877-4','Toxic effect of oth metals, intentional self-harm, init','Insertion of Cardiac Lead into Right Atrium, Percutaneous Approach'),(65,'2017-05-24 01:55:54','Bomber','2017-10-23',3,48,2,'Action|Comedy','157','027056624-4','Oth fx fourth MC bone, left hand, subs for fx w malunion','Replacement of Perineum Tendon with Nonautologous Tissue Substitute, Percutaneous Endoscopic Approach'),(66,'2017-08-31 06:44:17','Nightmare on Elm Street 2: Freddy\'s Revenge, A','1992-03-26',1,47,4,'Horror','168','477855201-6','Juvenile dermatopolymyositis with respiratory involvement','Repair Male Perineum, Percutaneous Approach'),(67,'2017-04-29 05:52:22','Way Back, The','1975-04-04',2,25,1,'Drama','117','364293002-6','Osteopathy in diseases classified elsewhere, upper arm','Plain Radiography of Left Subclavian Artery using Low Osmolar Contrast'),(68,'2017-12-09 23:38:16','Subject Two','1999-11-16',4,44,4,'Drama|Thriller','155','517517493-2','Nondisp fx of lateral condyle of unsp tibia, 7thP','Reattachment of Left Abdomen Bursa and Ligament, Open Approach'),(69,'2017-08-12 16:04:01','Killing Bono','1964-02-12',1,47,5,'Comedy','146','334480929-6','Sprain of tarsal ligament of unspecified foot, init encntr','Bypass Left Axillary Vein to Upper Vein, Percutaneous Endoscopic Approach'),(70,'2017-12-17 21:42:16','Dracula: Prince of Darkness','1944-03-25',5,34,2,'Horror|Mystery','189','893098440-1','Sltr-haris Type II physl fx low end humer, r arm, 7thP','Measurement of Respiratory Rate, Via Natural or Artificial Opening'),(71,'2017-04-15 07:13:45','I\'m So Excited (Los amantes pasajeros)','1947-05-11',1,36,11,'Comedy','113','134253994-X','Preterm labor third tri w preterm del third tri, fetus 3','Bypass Right Femoral Vein to Lower Vein with Synthetic Substitute, Percutaneous Endoscopic Approach'),(72,'2017-08-16 14:29:27','Deadly Spawn, The','2012-08-14',4,2,10,'Horror|Sci-Fi','127','037507710-3','Unspecified dislocation of right shoulder joint, sequela','Drainage of Thoracic Spinal Cord, Percutaneous Approach, Diagnostic'),(73,'2017-09-21 23:12:54','Undisputed','1948-08-10',4,36,8,'Drama','167','865626495-8','Hit by object from burning bldg in controlled fire','Caregiver Training in Dressing using Prosthesis'),(74,'2017-06-11 00:44:01','Remorques (Stormy Waters)','1972-09-18',4,38,5,'Action|Drama|Romance','115','867724425-5','Acute angle-closure glaucoma, right eye','Reposition Intracranial Vein, Percutaneous Endoscopic Approach'),(75,'2017-04-11 20:08:34','Morning for the Osone Family','1996-03-31',1,10,4,'(no genres listed)','119','481763306-9','Handgun discharge, undetermined intent, initial encounter','Removal of Nonautologous Tissue Substitute from Sternum, Open Approach'),(76,'2017-07-13 03:37:13','Who\'s That Knocking at My Door?','1983-10-03',2,23,8,'Drama','117','030173702-9','Insect bite (nonvenomous) of breast, unsp breast, init','Removal of Infusion Device from Hepatobiliary Duct, Open Approach'),(77,'2017-06-26 02:31:01','Fados','1927-11-11',1,31,1,'Documentary|Musical','143','518742955-8','Dislocation of carpometacarpal joint of left thumb, sequela','Resection of Left Foot Muscle, Percutaneous Endoscopic Approach'),(78,'2017-09-06 06:25:14','Lumiere and Company (Lumière et compagnie)','2008-05-28',1,19,5,'Documentary','125','702071388-2','Herpes gestationis','Bypass Ascending Colon to Descending Colon with Nonautologous Tissue Substitute, Open Approach'),(79,'2017-11-01 16:51:55','Liverpool','1995-06-03',1,11,5,'Drama','187','157781222-0','Nondisp fx of greater trochanter of unsp femr, 7thH','Bypass Innominate Artery to Right Extracranial Artery with Autologous Arterial Tissue, Open Approach'),(80,'2017-11-09 00:31:14','Before I Go to Sleep','2012-03-15',1,27,2,'Mystery|Thriller','92','981932428-9','Mech compl of other urinary devices and implants','Drainage of Right Temporal Artery, Percutaneous Approach, Diagnostic'),(81,'2017-11-14 14:36:51','Two Brothers (Deux frères)','1960-09-01',4,20,7,'Adventure|Children|Drama','110','159690215-9','Corrosion of first deg mult sites of left wrist and hand','Restriction of Left Axillary Artery, Open Approach'),(82,'2017-07-04 01:08:30','Where Eagles Dare','1966-09-18',3,22,5,'Action|Adventure|War','107','287814399-X','Explosion of bicycle tire, sequela','Plaque Radiation of Left Breast'),(83,'2017-12-15 18:22:24','Mr. Majestyk','1954-04-01',4,28,8,'Action|Drama','157','602394255-5','Burn of unspecified degree of left foot, subs encntr','Inspection of Left Temporomandibular Joint, Percutaneous Approach'),(84,'2017-04-24 05:07:30','Forget Paris','1963-06-02',1,41,6,'Comedy|Romance','116','661776339-4','Fall in (into) bucket of water causing other injury, sequela','Planar Nuclear Medicine Imaging of Left Upper Extremity Veins using Other Radionuclide'),(85,'2017-11-03 08:18:39','Born to Fight','1948-08-26',1,6,9,'Action|Children|Drama','123','555165386-2','Low vision, left eye, normal vision right eye','Replacement of Right Temporal Bone with Nonautologous Tissue Substitute, Open Approach'),(86,'2017-11-19 21:34:46','Ruby Red','1968-11-05',2,7,3,'Adventure|Children|Fantasy|Sci-Fi','97','984946217-5','Milt op involving dest arcrft due to clsn w oth aircraft','Computerized Tomography (CT Scan) of Left Pulmonary Artery using High Osmolar Contrast'),(87,'2017-04-15 18:31:54','Control Room','1973-05-05',5,1,5,'Documentary|War','195','492457408-2','Nondisp fx of medial condyle of r humerus, init for opn fx','Bypass Portal Vein to Lower Vein, Open Approach'),(88,'2017-04-06 21:51:04','Angels and Insects','1994-04-29',4,17,9,'Drama|Romance','154','850517058-X','Subluxation of C6/C7 cervical vertebrae, subs encntr','Insertion of Vascular Access Device into Right Lower Leg Subcutaneous Tissue and Fascia, Open Approach'),(89,'2017-08-08 07:43:07','We Are Young. We Are Strong.','1990-08-22',3,15,10,'Drama','148','320427677-5','Supervision of pregnancy with history of infertility','Drainage of Left Tunica Vaginalis, Open Approach'),(90,'2017-10-20 13:18:38','Freddy Got Fingered','1955-05-08',4,47,1,'Comedy','111','120605182-5','Quadriplegia, C5-C7 incomplete','Detachment at Left Foot, Complete 5th Ray, Open Approach'),(91,'2017-07-19 17:13:50','Brokedown Palace','1944-02-15',4,19,8,'Drama','121','961758623-1','Primary blast injury of transverse colon','Insertion of Intraluminal Device into Right Hand Vein, Open Approach'),(92,'2017-08-16 18:32:38','Rambo: First Blood Part II','1931-12-06',4,31,4,'Action|Adventure|Thriller','185','207149166-1','Breakdown of artificial skin grft /decellular alloderm, subs','Drainage of Hymen, External Approach'),(93,'2017-05-06 16:32:05','Yobi, The Five-Tailed Fox','1959-12-11',1,7,9,'Animation|Fantasy','144','052877064-0','Injury of peroneal nerve at lower leg level, right leg, subs','Range of Motion and Joint Mobility Treatment of Integumentary System - Head and Neck using Orthosis'),(94,'2017-06-16 01:37:14','Goldfish Memory','1923-09-27',4,8,6,'Comedy|Drama','197','375162633-6','Adverse effect of other bacterial vaccines','Drainage of Bilateral Adrenal Glands, Open Approach'),(95,'2017-11-21 14:08:06','Orwell Rolls in His Grave','1917-04-23',4,6,3,'Documentary','108','636063104-0','Nondisp fx of med malleolus of unsp tibia, 7thR','Drainage of Left Upper Extremity with Drainage Device, Percutaneous Endoscopic Approach'),(96,'2017-08-17 12:36:53','Over My Dead Body','1925-07-10',3,9,8,'Comedy|Fantasy|Romance','127','073227417-6','Pain in limb, unspecified','Transfusion of Nonautologous Frozen Red Cells into Central Artery, Percutaneous Approach'),(97,'2017-09-30 20:10:00','Time That Remains, The','1947-01-04',3,2,11,'Drama','96','287146250-X','Latex allergy status','Insertion of Infusion Device into Right Peroneal Artery, Percutaneous Approach'),(98,'2017-11-12 23:45:01','Titanic','1960-10-04',4,30,1,'Action|Drama','148','690489827-5','Contact with power take-off devices (PTO), sequela','Excision of Head Lymphatic, Open Approach, Diagnostic'),(99,'2017-08-26 07:30:40','Miami Rhapsody','1949-12-13',3,35,5,'Comedy','97','851010003-9','Idiopathic chronic gout, unsp shoulder, without tophus','Excision of Lumbar Vertebral Joint, Percutaneous Endoscopic Approach, Diagnostic'),(100,'2017-09-14 07:41:54','Commare secca, La (Grim Reaper, The)','1942-02-04',3,44,10,'Drama|Mystery','104','143946566-5','Inj unsp musc/fasc/tend at shldr/up arm, left arm, subs','Drainage of Right Ankle Region, Open Approach, Diagnostic'),(101,'2017-08-03 04:55:22','Hanging Up','1977-01-20',5,11,10,'Comedy|Drama','134','006810841-9','Epidural hemorrhage w LOC of 31-59 min, init','Revision of Diaphragmatic Pacemaker Lead in Diaphragm, Via Natural or Artificial Opening'),(102,'2017-08-20 00:47:15','Blaise Pascal','1981-01-24',1,37,9,'Drama','182','525709459-2','Injury of portal vein','Revision of Autologous Tissue Substitute in Facial Bone, Percutaneous Endoscopic Approach'),(103,'2017-10-01 14:26:10','Amber Alert ','1967-10-28',3,1,11,'Thriller','157','809165370-0','Laceration of peroneal artery, left leg, initial encounter','Removal of Autologous Tissue Substitute from Heart, Open Approach'),(104,'2017-04-10 10:08:27','Car Wash','2005-02-21',3,32,7,'Comedy','122','124441129-9','Parachutist injured on landing, sequela','Removal of Radioactive Element from Pericardial Cavity, Percutaneous Endoscopic Approach'),(105,'2017-12-06 02:37:10','Lemora: A Child\'s Tale of the Supernatural','1943-04-22',4,17,7,'Horror','91','347139605-5','Lateral disloc of proximal end of tibia, left knee, sequela','Drainage of Pituitary Gland with Drainage Device, Percutaneous Endoscopic Approach'),(106,'2017-05-12 10:38:57','Paris Blues','1953-01-22',2,30,11,'Drama|Romance','181','762498301-X','Hordeolum externum unspecified eye, unspecified eyelid','Insertion of Spacer into Lumbosacral Disc, Percutaneous Approach'),(107,'2017-07-23 16:03:33','April Fool\'s Day','1945-03-10',2,50,2,'Horror','182','648140039-2','Nondisp fx of med condyle of l femr, 7thQ','Introduction of Autologous Fertilized Ovum into Female Reproductive, Percutaneous Approach'),(108,'2017-12-09 07:01:13','Mona and the Time of Burning Love (Mona ja palavan rakkauden aika))','1995-12-08',4,41,3,'Drama','112','264476507-2','Poisoning by expectorants, undetermined, sequela','Removal of Autologous Tissue Substitute from Right Thumb Phalanx, Percutaneous Endoscopic Approach'),(109,'2017-07-18 21:34:13','Myth of the American Sleepover, The','1987-04-10',5,2,9,'Comedy|Drama|Romance','151','420481084-5','Toxic effect of venom of other spider, assault, init encntr','Insertion of Infusion Device into Left Metatarsal-Tarsal Joint, Percutaneous Endoscopic Approach'),(110,'2017-06-05 19:20:33','Night Ambush (Ill Met by Moonlight)','1932-02-21',3,41,10,'Action|Adventure|Drama|War','137','229753978-9','Burn first deg mult right fngr (nail), not inc thumb, init','Removal of Infusion Device from Upper Vein, Percutaneous Endoscopic Approach'),(111,'2017-09-08 02:04:27','Knock on Any Door','2013-08-29',2,21,5,'Crime|Drama|Film-Noir','171','488614080-7','Sexual masochism','Excision of Vagina, Open Approach'),(112,'2017-05-01 19:32:47','Those Magnificent Men in Their Flying Machines','1993-08-06',2,13,2,'Action|Adventure|Comedy','94','906010801-9','Oth osteopor w crnt path fx, r femr, 7thG','Extraction of Ova, Open'),(113,'2017-08-24 07:48:33','Adventures in Babysitting','1956-11-26',1,6,9,'Adventure|Comedy','155','032856058-8','Driver of hv veh injured in nonclsn trnsp acc in traf, init','Tomographic (Tomo) Nuclear Medicine Imaging of Lungs and Bronchi using Technetium 99m (Tc-99m)'),(114,'2017-04-07 14:02:00','Sleepy Time Gal, The','1966-01-10',4,19,3,'Drama','106','956738842-3','Drug induced acute pancreatitis with uninfected necrosis','Drainage of Left Ovary with Drainage Device, Percutaneous Endoscopic Approach'),(115,'2017-07-29 00:45:27','Billy Jack Goes to Washington','1963-11-24',1,1,2,'Drama','136','353662423-5','Displaced pilon fx unsp tibia, subs for clos fx w malunion','Beam Radiation of Pituitary Gland using Electrons'),(116,'2017-11-01 10:34:51','King of Germany','1944-02-12',5,14,1,'Comedy','191','038638230-1','Unspecified sprain of thumb','Revision of Nonautologous Tissue Substitute in Left Metatarsal-Tarsal Joint, External Approach'),(117,'2017-12-02 16:44:12','Art School Confidential','2006-11-02',3,34,7,'Comedy|Drama','144','826536405-9','Traumatic rupture of left ulnar collateral ligament','Insertion of Feeding Device into Duodenum, Percutaneous Endoscopic Approach'),(118,'2017-06-19 10:14:58','All American Orgy (Cummings Farm)','1958-08-10',2,44,4,'Comedy','159','502480863-0','Superficial foreign body of right elbow, initial encounter','Planar Nuclear Medicine Imaging of Abdomen using Iodine 131 (I-131)'),(119,'2017-10-30 10:40:44','Below Sea Level','1954-09-13',5,35,6,'Documentary','150','677866320-0','Hemarthrosis, left hand','Revision of Synthetic Substitute in Abdominal Wall, Percutaneous Approach'),(120,'2017-08-16 06:28:47','Christmas Toy, The','1985-06-26',2,32,4,'Children|Musical','155','083765434-3','Pathological fracture, left hand, init encntr for fracture','Removal of External Fixation Device from Left Patella, Percutaneous Endoscopic Approach'),(121,'2017-08-21 16:29:55','Swedish Love Story, A (Kärlekshistoria, En)','1999-04-11',1,12,2,'Drama|Romance','90','615825796-6','Oth comp of fb acc left in body fol remov cath/pack, sequela','Inspection of Upper Tendon, Percutaneous Approach'),(122,'2017-04-28 08:09:37','West Is West','1960-06-25',1,9,10,'Comedy|Drama','92','594224483-9','Displ unsp condyle fx low end l femr, 7thB','Occlusion of Left Inguinal Lymphatic with Intraluminal Device, Percutaneous Approach'),(123,'2017-10-16 08:07:52','Welcome to Sherwood! The Story of \'The Adventures of Robin Hood\'','1955-01-02',5,14,5,'Documentary','189','837320703-1','Complex regional pain syndrome I of left upper limb','Supplement Left Upper Femur with Autologous Tissue Substitute, Percutaneous Endoscopic Approach'),(124,'2017-09-12 16:43:26','American Bandits: Frank and Jesse James','2016-09-06',2,42,10,'Western','154','189831190-0','Disp fx of lateral cuneiform of l ft, 7thD','Drainage of Right Palatine Bone, Open Approach, Diagnostic'),(125,'2017-06-07 06:21:14','Up the River','1967-02-12',1,3,2,'Comedy|Crime|Drama','171','207863328-3','Other bursitis of elbow, right elbow','Reposition Upper Tooth, Single, with External Fixation Device, External Approach'),(126,'2017-06-05 23:57:24','Protector, The','1987-12-11',3,5,11,'Action|Comedy|Drama|Thriller','173','697408514-1','Complete traum amp at level betw knee and ankl, unsp low leg','Occlusion of Accessory Pancreatic Duct with Intraluminal Device, Open Approach'),(127,'2017-12-05 03:28:43','Rocaterrania','1995-08-30',3,47,9,'Documentary|Fantasy','156','626972196-2','Other fracture of shaft of humerus','Release Lower Gingiva, External Approach'),(128,'2017-07-12 23:24:23','Addiction, The','2000-05-28',3,14,8,'Drama|Horror','193','711552590-0','Unspecified malignant neoplasm of anal skin','Resection of Epiglottis, Via Natural or Artificial Opening'),(129,'2017-10-13 16:21:31','The Hunchback of Paris','1945-06-24',4,38,8,'Action|Adventure','152','802001411-X','Oth disrd of amniotic fluid and membrns, unsp tri, fetus 2','Revision of Autologous Tissue Substitute in Left Carpal Joint, Open Approach'),(130,'2017-07-10 23:38:29','Chaos','2011-10-09',1,25,3,'Crime|Drama|Horror','90','512284397-X','Path fx in oth disease, r tibia, subs for fx w delay heal','Revision of Drainage Device in Larynx, Via Natural or Artificial Opening'),(131,'2017-04-22 07:22:15','Conrack','1939-02-17',4,24,6,'Drama','127','437213875-X','Nondisp fx of dist phalanx of r lit fngr, 7thD','Transfer Left Abdomen Muscle, Transverse Rectus Abdominis Myocutaneous Flap, Percutaneous Endoscopic Approach'),(132,'2017-05-16 17:57:32','Manson','1962-06-09',5,23,9,'Documentary','178','948942500-1','Oth fracture of third lumbar vertebra, init for opn fx','Replacement of Pulmonary Valve with Nonautologous Tissue Substitute, Transapical, Percutaneous Approach'),(133,'2017-07-04 11:23:32','Taming of the Shrew, The','1993-12-05',2,27,10,'Comedy','129','057189702-9','Oth malignant neoplasm of skin of oth and unsp parts of face','Transplantation of Lung Lingula, Zooplastic, Open Approach'),(134,'2017-06-10 09:59:19','Moment to Remember, A (Nae meorisokui jiwoogae)','1931-07-10',3,28,10,'Drama|Romance','176','637320714-5','Awaiting organ transplant status','Reposition Left Metatarsal, Percutaneous Endoscopic Approach'),(135,'2017-11-08 10:00:57','There Will Be Blood','1972-11-27',2,17,2,'Drama|Western','97','029491783-7','Contusion of left little finger w damage to nail, init','Low Dose Rate (LDR) Brachytherapy of Bronchus using Palladium 103 (Pd-103)'),(136,'2017-07-05 18:53:30','Zona Zamfirova','1973-10-05',5,18,7,'Comedy|Drama','200','981654866-6','Simple and mucopurulent chronic bronchitis','Drainage of Right Basilic Vein, Percutaneous Approach'),(137,'2017-06-04 01:40:52','27 Club, The','2005-01-29',3,47,1,'Drama','163','591813327-5','Displaced fracture of medial cuneiform of right foot','Fragmentation in Right Main Bronchus, Via Natural or Artificial Opening'),(138,'2017-04-26 07:23:35','Poison Ivy: New Seduction','1992-03-12',5,41,9,'Drama|Thriller','137','651702395-X','Traum rupt of palmar ligmt of r rng fngr at MCP/IP jt, sqla','Extirpation of Matter from Right Popliteal Artery, Percutaneous Endoscopic Approach'),(139,'2017-10-28 16:08:01','Last Witness, The','1917-06-21',4,22,9,'Drama|Thriller','126','659024416-2','Unspecified dislocation of left sternoclavicular joint','Drainage of Right Subclavian Artery, Percutaneous Endoscopic Approach, Diagnostic'),(140,'2017-11-13 20:45:55','Adventures of Sharkboy and Lavagirl 3-D, The','1931-02-18',5,42,9,'Action|Adventure|Children|Fantasy','179','294746053-7','Lac w/o fb of r frnt wl of thorax w penet thor cavity, subs','Drainage of Sacrum, Open Approach'),(141,'2017-05-26 23:39:46','Game of Death','1922-11-08',3,49,9,'Action|Adventure|Thriller','178','547304568-5','Methicillin resis staph infection, unsp site','Excision of Accessory Pancreatic Duct, Via Natural or Artificial Opening Endoscopic, Diagnostic'),(142,'2017-04-07 12:13:25','FM','1936-05-22',3,1,9,'Drama','132','946447504-8','Complete traum amp of l hip and thigh, level unsp, sequela','Dilation of Left Thyroid Artery, Percutaneous Endoscopic Approach'),(143,'2017-11-26 01:42:45','Desert Trail, The','1943-08-02',5,23,7,'Western','172','402804674-2','Other specified injuries of neck','Drainage of Left Lower Extremity, Percutaneous Endoscopic Approach, Diagnostic'),(144,'2017-08-16 06:45:52','Snakes on a Plane','1986-07-14',3,12,3,'Action|Comedy|Horror|Thriller','118','639409726-8','Heredit neuropath, NEC w diffuse mesangial prolif glomrlneph','Revision of Internal Fixation Device in Left Metatarsal-Tarsal Joint, Percutaneous Approach'),(145,'2017-05-13 05:52:20','Stephen Tobolowsky\'s Birthday Party','1977-05-29',1,39,4,'Comedy|Documentary|Drama','197','301404943-3','Unsp malignant neoplasm skin/ right lower limb, inc hip','Insertion of Monitoring Electrode into Products of Conception, Open Approach'),(146,'2017-08-13 19:45:15','Soul of a Man, The','1973-03-03',5,26,4,'Documentary|Musical','124','813972046-1','Double inlet ventricle','Release Right External Iliac Vein, Percutaneous Endoscopic Approach'),(147,'2017-08-23 08:43:23','Dracula\'s Daughter','1971-01-28',5,32,2,'Drama|Horror','147','151618644-3','Iridodialysis','Revision of Nonautologous Tissue Substitute in Upper Bursa and Ligament, External Approach'),(148,'2017-04-08 09:33:27','Madame Tutli-Putli','1955-11-09',1,1,4,'Animation|Fantasy','134','160431537-7','Poisoning by peripheral vasodilators, accidental, init','Removal of Synthetic Substitute from Lumbar Vertebral Disc, Percutaneous Approach'),(149,'2017-12-11 01:03:40','Christmas Tale, A (Un conte de Noël)','1933-12-10',4,21,4,'Comedy|Drama','143','943957910-2','Oth benign neoplasm skin/ left eyelid, including canthus','Insertion of Infusion Device into Hepatic Vein, Percutaneous Endoscopic Approach'),(150,'2017-10-26 17:24:08','Mr. & Mrs. Smith','1932-10-13',4,47,6,'Comedy|Romance','143','754984598-0','Unsp superficial injury of left lower leg, init encntr','Dilation of Middle Colic Artery with Four or More Drug-eluting Intraluminal Devices, Open Approach'),(151,'2017-08-08 08:12:34','Love Meetings (Comizi d\'amore)','1988-12-21',1,27,5,'Documentary','164','268172617-4','Glider (nonpowered) accident injuring occupant','Reposition Facial Muscle, Percutaneous Endoscopic Approach'),(152,'2017-05-03 06:02:52','Thunder Bay','1963-05-11',5,1,6,'Adventure','113','994733571-2','Displaced transverse fx shaft of left femur, sequela','Excision of Upper Back, External Approach'),(153,'2017-11-10 12:33:25','Outrageous Class (Hababam sinifi)','1929-09-01',5,48,7,'Comedy|Drama','90','160861264-3','Essential fatty acid [EFA] deficiency','Supplement Bilateral Breast with Synthetic Substitute, External Approach'),(154,'2017-04-29 02:07:40','Broadway Melody of 1938','1965-07-21',5,48,2,'Musical|Romance','99','258162740-9','Unspecified superficial injury of right ear, subs encntr','Reposition Left Upper Leg Tendon, Percutaneous Endoscopic Approach'),(155,'2017-08-04 03:18:47','Caribe','1976-12-21',5,45,3,'Drama|Mystery|Romance','183','289016759-3','Nondisp fx of med cuneiform of l ft, 7thD','Drainage of Left External Iliac Artery, Percutaneous Approach, Diagnostic'),(156,'2017-10-06 19:19:55','Without a Paddle: Nature\'s Calling','1922-08-14',2,32,11,'Adventure|Comedy','165','490435895-3','Fx unsp part of scapula, l shldr, subs for fx w delay heal','Extirpation of Matter from Right External Jugular Vein, Percutaneous Approach'),(157,'2017-09-21 03:24:35','Bamako','1991-01-16',4,28,7,'Drama','133','557094307-2','Corrosion of unspecified degree of scalp [any part], sequela','Excision of Right Lower Leg Skin, External Approach'),(158,'2017-06-13 09:10:11','New Rulers of the World, The','1962-06-09',4,12,6,'Documentary','96','563030104-7','Mtrcy passenger injured in clsn w unsp mv in traf, sequela','Removal of Resurfacing Device from Right Hip Joint, Open Approach'),(159,'2017-04-22 18:02:38','General\'s Daughter, The','1999-01-19',2,19,9,'Crime|Drama|Mystery|Thriller','116','729273827-3','Counseling related to sexual attitude','Dilation of Upper Vein, Percutaneous Endoscopic Approach'),(160,'2017-08-31 12:22:25','Heidi Fleiss: Hollywood Madam','1994-06-27',5,23,4,'Documentary','167','911618342-8','Eccrine sweat disorder, unspecified','Release Right External Iliac Vein, Percutaneous Approach'),(161,'2017-06-18 23:51:49','Chattahoochee','1951-07-05',2,4,3,'Drama','95','328616075-X','Oth fx of lower end unsp radius, init for opn fx type 3A/B/C','Replacement of Tricuspid Valve with Autologous Tissue Substitute, Open Approach'),(162,'2017-04-09 15:49:56','Kanal','1920-12-01',2,1,1,'Drama|War','101','899739541-6','Unspecified dislocation of right index finger, sequela','Revision of Infusion Pump in Upper Extremity Subcutaneous Tissue and Fascia, External Approach'),(163,'2017-04-26 00:15:34','Cameraman, The','1995-07-17',4,47,10,'Comedy|Drama|Romance','175','979002323-5','Trisomy 13, translocation','Bypass Descending Colon to Sigmoid Colon with Autologous Tissue Substitute, Open Approach'),(164,'2017-11-07 03:29:23','Party, The','1976-10-10',2,23,7,'Comedy','173','718049977-3','Total (external) ophthalmoplegia, bilateral','Change Other Device in Pelvic Cavity, External Approach'),(165,'2017-06-03 21:37:32','Love Finds Andy Hardy','1935-03-15',3,39,10,'Comedy|Romance','112','259033024-3','Toxic effect of oth pesticides, intentional self-harm, init','Release Right Middle Lobe Bronchus, Percutaneous Endoscopic Approach'),(166,'2017-11-17 20:52:27','Waking Ned Devine (a.k.a. Waking Ned)','2002-03-11',3,49,10,'Comedy','106','683518089-7','Ehrlichiosis','Insertion of Infusion Device into Left Subclavian Vein, Open Approach'),(167,'2017-06-23 21:41:17','Witnesses, The (Les témoins)','1945-04-08',2,35,10,'Drama','198','536738132-4','Other fall on same level, subsequent encounter','Bypass Bilateral Ureters to Ileocutaneous with Nonautologous Tissue Substitute, Percutaneous Endoscopic Approach'),(168,'2017-07-30 02:14:52','Vampire in Venice (Nosferatu a Venezia) (Nosferatu in Venice)','1960-09-06',1,47,8,'Horror','151','067359433-5','Partial traumatic MCP amputation of thmb, sequela','Repair Pituitary Gland, Open Approach'),(169,'2017-05-10 06:53:26','Suck','1975-03-14',5,14,3,'Comedy|Horror|Musical','182','606370764-6','Diseases of the circ sys comp pregnancy, first trimester','Dilation of Left Popliteal Artery with Four or More Intraluminal Devices, Percutaneous Approach'),(170,'2017-11-11 22:43:07','Heart Is a Lonely Hunter, The','1945-08-12',4,24,9,'Drama','167','325612364-3','Meningismus','Drainage of Abdominal Sympathetic Nerve with Drainage Device, Percutaneous Approach'),(171,'2017-09-01 20:08:59','Angels & Demons','1982-03-25',3,33,3,'Crime|Drama|Mystery|Thriller','170','949432642-3','Partial traumatic MCP amputation of right thumb, sequela','Release Left Carotid Body, Percutaneous Endoscopic Approach'),(172,'2017-06-24 07:55:53','W.E.','1981-08-27',4,23,5,'Drama|Romance','180','161969914-1','Sprain of metatarsophalangeal joint of unsp toe(s), subs','Reposition Right Internal Mammary Artery, Open Approach'),(173,'2017-08-25 01:29:17','Prophecy II, The','2012-12-17',1,11,10,'Horror','158','649094462-6','Unsp disp fx of sixth cervcal vert, subs for fx w nonunion','Extirpation of Matter from Left Colic Artery, Percutaneous Approach'),(174,'2017-09-21 09:04:26','My Father\'s Glory (La gloire de mon père)','1974-01-07',2,5,10,'Adventure|Drama','148','149345830-2','Resistance to beta lactam antibiotics','Removal of Radioactive Element from Hepatobiliary Duct, Via Natural or Artificial Opening Endoscopic'),(175,'2017-12-02 22:23:18','Afterglow','2004-07-15',4,49,3,'Drama|Romance','194','495181916-3','Other spacecraft accident injuring occupant, init encntr','Supplement Left Vas Deferens with Synthetic Substitute, Open Approach'),(176,'2017-11-16 11:47:50','Heavy','1943-05-27',3,36,2,'Drama|Romance','146','449166113-8','Superficial foreign body of penis, sequela','Removal of Drainage Device from Upper Bone, External Approach'),(177,'2017-07-01 16:44:41','Place of One\'s Own, A','1979-09-03',1,7,4,'Drama|Mystery|Thriller','122','044233949-6','Nondisp pilon fx right tibia, subs for clos fx w delay heal','Drainage of Left Sublingual Gland, Percutaneous Approach'),(178,'2017-08-30 15:16:41','Perfect Day, A (Un giorno perfetto)','1919-11-26',1,34,2,'Drama','123','097093374-6','Rupture of card wall w/o hemoperic as current comp fol AMI','Revision of Nonautologous Tissue Substitute in Right Toe Phalanx, Percutaneous Endoscopic Approach'),(179,'2017-11-11 14:18:16','Big Day, The (We Met on the Vineyard)','1998-12-17',2,42,8,'Comedy','127','302839322-0','Contusion of scrotum and testes','Transfusion of Autologous Antihemophilic Factors into Central Vein, Open Approach'),(180,'2017-05-27 17:18:54','Frankenstein','2018-01-26',1,5,3,'Drama|Horror|Sci-Fi','106','582464054-8','Drug/chem diabetes mellitus w oral complications','Extirpation of Matter from Pelvic Cavity, Percutaneous Approach'),(181,'2017-09-24 03:29:38','Men, Women & Children','1964-12-02',4,10,8,'Comedy|Drama','131','831579650-X','Oth injury of popliteal artery, unspecified leg, subs encntr','Bypass Left Femoral Artery to Left Femoral Artery with Nonautologous Tissue Substitute, Percutaneous Endoscopic Approach'),(182,'2017-12-14 02:39:05','Macbeth (a.k.a. Tragedy of Macbeth, The)','1987-03-29',2,49,5,'Drama','112','700951625-1','Lacerat blood vessels at ank/ft level, right leg, sequela','Removal of Synthetic Substitute from Right Radius, Percutaneous Approach'),(183,'2017-11-29 10:31:01','Tobor the Great','1950-11-06',5,1,3,'Children|Sci-Fi','122','327421922-3','Laceration of unsp msl/tnd at ank/ft level, left foot','Reposition Left Humeral Shaft with Intramedullary Internal Fixation Device, Percutaneous Approach'),(184,'2017-08-02 06:53:45','Tyler Perry\'s Madea\'s Big Happy Family','1964-10-27',5,16,4,'Comedy|Drama','156','352465217-4','Stiffness of joint, not elsewhere classified','Removal of Infusion Device from Esophagus, Percutaneous Endoscopic Approach'),(185,'2017-12-10 01:48:45','Innocents, The','1967-11-12',4,33,1,'Drama|Horror|Thriller','122','010422151-8','Sltr-haris Type IV physeal fracture of l calcaneus, sequela','Replacement of Left Ethmoid Bone with Synthetic Substitute, Open Approach'),(186,'2017-08-16 00:17:13','Changeling, The','1939-07-25',4,31,5,'Horror|Mystery|Thriller','188','640625671-9','Nondisp transverse fx r patella, 7thD','Dilation of Coronary Artery, Four or More Arteries, Bifurcation, with Two Drug-eluting Intraluminal Devices, Open Approach'),(187,'2017-08-21 00:59:47','Defender, The (a.k.a. Bodyguard from Beijing, The) (Zhong Nan Hai bao biao)','1946-07-02',4,25,2,'Action','168','549933271-1','Oth diab with prolif diabetic rtnop with trctn dtch n-mcla','Inspection of Left Carpal Joint, Open Approach'),(188,'2017-05-26 05:49:05','Stake Land','2005-08-07',5,37,10,'Horror','98','534184678-8','Incomplete spontaneous abortion with other complications','Repair Cervical Vertebral Joint, Open Approach'),(189,'2017-07-20 19:48:04','King of California','1935-09-10',5,3,4,'Comedy','96','949626267-8','Transient synovitis, left hand','Destruction of Right Temporal Bone, Percutaneous Approach'),(190,'2017-12-04 19:44:01','Beethoven\'s 5th','1939-03-28',2,7,7,'Adventure|Children|Comedy','148','935309783-5','Unsp injury of popliteal vein, unspecified leg, subs encntr','Dilation of Left Internal Mammary Artery with Four or More Drug-eluting Intraluminal Devices, Percutaneous Approach'),(191,'2017-11-02 05:52:34','Primal','1930-08-21',2,18,8,'Horror|Thriller','145','074869982-1','Pressr collapse of lung d/t anesth during preg, second tri','Destruction of Left Wrist Joint, Percutaneous Approach'),(192,'2017-05-17 09:11:19','Aziz Ansari: Intimate Moments for a Sensual Evening','1989-06-18',3,37,5,'Comedy|Documentary','100','717414304-0','Disp fx of med epicondyl of l humer, 7thG','Division of Right Upper Leg Tendon, Open Approach'),(193,'2017-05-26 21:35:56','Ron Clark Story, The','2000-02-14',1,13,4,'Drama','152','838497346-6','Displ unsp condyle fx low end l femr, 7thG','Revision of Drainage Device in Peritoneum, Percutaneous Endoscopic Approach'),(194,'2017-10-28 03:40:47','Camille','1987-11-18',1,13,5,'Comedy|Drama|Romance','97','432305244-8','Nondisp fx of med condyle of l femr, 7thR','Insertion of External Fixation Device into Right Metatarsal-Tarsal Joint, Percutaneous Endoscopic Approach'),(195,'2017-06-07 19:36:31','Mr. Troop Mom','1919-05-08',5,39,5,'Children|Comedy','95','659611564-X','Other contact with parrot','Restriction of Aortic Lymphatic with Intraluminal Device, Percutaneous Approach'),(196,'2017-09-04 03:00:08','Wrestling (Bræðrabylta)','2010-11-16',2,3,5,'Drama|Romance','106','003931008-6','Partial traumatic MCP amputation of thmb, init','Drainage of Cervical Plexus, Percutaneous Endoscopic Approach, Diagnostic'),(197,'2017-05-09 03:26:00','Deadline','1919-05-31',3,49,9,'Mystery|Thriller','174','765420878-2','Oth fx low end unsp ulna, 7thF','Alteration of Right Upper Arm with Autologous Tissue Substitute, Percutaneous Endoscopic Approach'),(198,'2017-04-13 23:54:08','Wheel of Time','1997-11-25',3,4,1,'Documentary','125','551692579-7','Unsp complication of unsp transplanted organ and tissue','Division of Head and Neck Subcutaneous Tissue and Fascia, Open Approach'),(199,'2017-09-23 10:19:19','Peter Pan','1970-03-07',1,33,7,'Action|Adventure|Children|Fantasy','99','559644316-6','Oth fracture of shaft of r humerus, subs for fx w delay heal','Drainage of Right Lobe Liver with Drainage Device, Percutaneous Approach'),(200,'2017-12-10 17:39:28','History of Future Folk, The','1948-06-23',4,31,5,'Adventure|Comedy|Musical|Sci-Fi','115','237583091-1','Quad preg, unable to dtrm num plcnta & amnio sacs, third tri','Dilation of Left Cephalic Vein with Intraluminal Device, Open Approach'),(201,'2017-07-01 06:11:14','Striking Range','1959-06-18',4,27,5,'Action|Thriller','187','479197819-6','Disp fx of prox phalanx of unsp fngr, subs for fx w nonunion','Insertion of Monitoring Device into Right Pulmonary Artery, Percutaneous Approach'),(202,'2017-11-18 17:32:12','American Mullet','1952-06-05',5,36,1,'Documentary','186','652048474-1','Causalgia of left upper limb','Restriction of Left Lower Lobe Bronchus with Intraluminal Device, Percutaneous Endoscopic Approach'),(203,'2017-05-25 12:32:33','Den tatuerade änkan (Tattooed Widow, The) ','1953-10-25',2,23,4,'Comedy|Drama|Romance','176','948847110-7','Toxic effect of carb monx from oth source, undet, sequela','Supplement Skull with Nonautologous Tissue Substitute, Open Approach'),(204,'2017-04-08 02:54:24','Heart of a Lion (Leijonasydän)','2005-02-25',4,43,4,'Drama|Romance','148','248642625-6','Maternal care for fetal problem, unsp, third tri, fetus 4','Removal of Internal Fixation Device from Left Knee Joint, Percutaneous Approach'),(205,'2017-11-22 00:04:33','Soldier of Fortune','2003-06-03',4,2,5,'Adventure|Crime|Drama|Romance|Thriller','129','585177488-6','Subluxation of T3/T4 thoracic vertebra','Revision of Synthetic Substitute in Right Humeral Shaft, Percutaneous Endoscopic Approach'),(206,'2017-10-22 10:19:25','The Righteous Thief','1917-08-04',5,11,8,'Adventure','110','945188775-X','Pnctr w foreign body of r rng fngr w damage to nail, sequela','Drainage of Right Greater Saphenous Vein, Percutaneous Endoscopic Approach'),(207,'2017-07-15 17:08:43','Timbuktu','1992-10-21',3,37,4,'Drama','107','054117136-4','4-part fx surg neck of l humerus, subs for fx w routn heal','Extirpation of Matter from Bilateral Epididymis, Open Approach'),(208,'2017-06-10 08:52:23','Rumor of Angels, A','1987-03-02',4,24,1,'Drama','167','606400116-X','Expsr to resdnce or prolonged visit at high altitude, subs','Occlusion of Middle Esophagus with Intraluminal Device, Open Approach'),(209,'2017-10-16 01:39:35','Newburgh Sting, The','1983-10-11',1,41,6,'Documentary','194','493167379-1','Terrorism w chemical weapons, publ sfty offcl injured','Dilation of Right Vertebral Artery, Bifurcation, with Two Intraluminal Devices, Percutaneous Approach'),(210,'2017-07-10 20:18:42','Rocaterrania','2010-09-13',2,47,3,'Documentary|Fantasy','91','144277982-9','Sprain of unsp cruciate ligament of left knee, sequela','Bypass Left Femoral Artery to Popliteal Artery, Open Approach'),(211,'2017-10-07 14:19:46','Nathalie...','1929-02-15',5,25,6,'Drama','90','049568589-5','Frostbite with tissue necrosis of right hand, sequela','Dilation of Ductus Arteriosus with Intraluminal Device, Open Approach'),(212,'2017-05-02 23:42:26','SpaceCamp','1919-06-06',4,12,4,'Adventure|Sci-Fi','150','617792908-7','Dermatochalasis of left lower eyelid','Destruction of Left Superior Parathyroid Gland, Percutaneous Endoscopic Approach'),(213,'2017-10-27 15:09:03','Nas: Time Is Illmatic','1996-03-07',3,14,3,'Documentary','186','928460136-3','Unsp fx r low leg, subs for opn fx type I/2 w delay heal','Excision of Mitral Valve, Open Approach, Diagnostic'),(214,'2017-10-04 14:31:31','Man with an Apartment (Czlowiek z M-3)','1919-09-21',4,17,4,'Comedy','173','429981941-1','Malignant neoplasm of medulla of right adrenal gland','Revision of Drainage Device in Left Acromioclavicular Joint, Percutaneous Approach'),(215,'2017-10-08 11:33:38','Rudderless','1998-11-30',4,48,8,'Comedy|Drama','180','851172509-1','Toxic effect of aflatoxin, undetermined','Plain Radiography of Left Lower Extremity Arteries using Other Contrast'),(216,'2017-09-04 12:29:48','Man Of The Moment','1953-03-05',1,20,7,'Comedy','93','826795188-1','Pnctr w/o fb of low back and pelv w penet retroperiton, init','Resection of Left Trunk Bursa and Ligament, Open Approach'),(217,'2017-11-04 23:30:43','Western','2000-07-18',5,17,7,'Comedy|Romance','140','886881858-2','Fracture of oth parts of pelvis, subs for fx w nonunion','Transfer Left Abdomen Muscle, Transverse Rectus Abdominis Myocutaneous Flap, Open Approach'),(218,'2017-09-13 23:13:54','Clockwise','1975-05-19',1,40,10,'Comedy','153','649633715-2','Inj intrinsic musc/fasc/tend right thumb at wrs/hnd lv','Beam Radiation of Bronchus using Photons 1 - 10 MeV'),(219,'2017-12-11 05:03:17','She No Longer Talks, She Shoots','1939-11-10',2,8,2,'Comedy','171','954530123-6','Strain of musc/fasc/tend at shldr/up arm, left arm, subs','Revision of Intraluminal Device in Uterus and Cervix, Via Natural or Artificial Opening Endoscopic'),(220,'2017-11-07 03:06:30','Knockaround Guys','2016-10-01',4,16,7,'Action|Comedy|Crime','190','000916178-3','Mech compl of int fix of right humerus, sequela','Beam Radiation of Esophagus using Neutron Capture'),(221,'2017-09-11 22:49:00','Spontaneous Combustion','1959-01-24',4,23,4,'Horror|Sci-Fi|Thriller','117','431197685-2','Antihyperlipidemic and antiarteriosclerotic drugs','Reposition Right Hypogastric Vein, Open Approach'),(222,'2017-07-06 17:51:46','Fireman, The','2008-03-21',2,35,4,'Comedy','133','933556619-5','Nondisp fx of olecran pro w/o intartic extn unsp ulna, 7thN','Restriction of Abdominal Aorta with Intraluminal Device, Temporary, Percutaneous Approach'),(223,'2017-11-09 15:01:33','La vérité si je mens !','1955-08-30',2,31,1,'Comedy','129','529909754-9','Adverse effect of other synthetic narcotics, sequela','Individual Psychotherapy for Substance Abuse Treatment, Cognitive-Behavioral'),(224,'2017-10-29 21:48:04','Carlito\'s Way','1949-09-30',1,14,1,'Crime|Drama','153','306953359-0','Unspecified injury of thoracic trachea, subsequent encounter','Insertion of Other Device into Left Foot, Percutaneous Endoscopic Approach'),(225,'2017-04-03 08:27:23','Forgiveness of Blood, The (Falja e gjakut)','1994-11-08',3,49,7,'Drama','152','254501755-8','Unspecified injury of transverse colon, initial encounter','Insertion of Infusion Device into Right Renal Vein, Percutaneous Endoscopic Approach'),(226,'2017-06-05 12:50:14','Four Men and a Prayer','2013-01-06',5,3,1,'Adventure|Mystery','167','605672046-2','Disp fx of lateral epicondyl of l humer, 7thG','Restriction of Right Common Iliac Vein with Intraluminal Device, Percutaneous Endoscopic Approach'),(227,'2017-06-02 03:22:41','Kart Racer','1932-12-11',2,3,1,'Drama','144','770683813-7','Puncture wound with foreign body, unspecified hip, sequela','Release Left Upper Leg Tendon, External Approach'),(228,'2017-10-10 03:35:28','Monsters, Inc.','1992-11-02',3,10,10,'Adventure|Animation|Children|Comedy|Fantasy','113','093428689-2','Oth physeal fracture of upper end of radius, left arm, init','Removal of Radioactive Element from Vagina and Cul-de-sac, External Approach'),(229,'2017-07-02 01:42:37','William Shakespeare\'s Romeo + Juliet','1991-05-27',3,35,5,'Drama|Romance','129','559367720-4','Displaced fracture of cuboid bone of unspecified foot','Resection of Bladder Neck, Open Approach'),(230,'2017-12-05 02:53:21','All These Women (För att inte tala om alla dessa kvinnor)','1996-07-16',2,23,10,'Comedy','160','203620364-7','Spontaneous rupture of other tendons, multiple sites','Reposition Right Thumb Phalanx, Open Approach'),(231,'2017-06-22 08:13:30','Code Conspiracy, The','1974-11-07',1,41,10,'Action|Mystery|Thriller','94','565677142-3','Contact with rat','Bypass Superior Vena Cava to Right Pulmonary Vein with Autologous Venous Tissue, Percutaneous Endoscopic Approach'),(232,'2017-07-14 23:30:48','Polish Wedding','1973-07-20',2,3,8,'Comedy','127','535214079-2','Non-prs chronic ulcer oth prt l low leg w necrosis of bone','Revision of Synthetic Substitute in Right Metacarpophalangeal Joint, Open Approach'),(233,'2017-11-16 18:14:57','Me You Them (Eu, Tu, Eles)','1920-09-06',4,25,3,'Comedy|Drama|Romance','119','471229552-X','Open bite of left ring finger without damage to nail','Drainage of Left Subclavian Vein with Drainage Device, Percutaneous Approach'),(234,'2017-05-19 23:54:46','Return of the Secaucus 7','1999-08-11',3,18,8,'Drama','173','066460843-4','Surgical instrumnt, matrl and radiolog devices assoc w incdt','Drainage of Left Vas Deferens with Drainage Device, Open Approach'),(235,'2017-12-12 00:15:39','Obsessed','1992-10-05',5,50,9,'Crime|Drama|Thriller','101','014907580-4','Poisoning by anterior pituitary hormones, undetermined','Reattachment of Uterine Supporting Structure, Open Approach'),(236,'2017-09-10 11:20:37','Night of the Shooting Stars (Notte di San Lorenzo, La)','1986-07-04',2,33,11,'Drama|War','113','932609057-4','Unsp injury of superior mesenteric artery, subs encntr','Dilation of Left Ulnar Artery with Two Drug-eluting Intraluminal Devices, Open Approach'),(237,'2017-05-01 09:12:37','Trespass','1971-03-07',1,5,2,'Crime|Drama|Thriller','101','427933170-7','Posterior dislocation of left radial head','Supplement Face with Synthetic Substitute, Percutaneous Endoscopic Approach'),(238,'2017-06-09 08:40:12','Pursuit of Happiness, The','1950-04-18',1,24,3,'Drama','150','825460128-3','Inj extensor musc/fasc/tend right ring finger at wrs/hnd lv','Removal of Drainage Device from Trunk Subcutaneous Tissue and Fascia, External Approach'),(239,'2017-05-24 00:29:03','Red Dust','2000-01-26',2,14,2,'Drama','173','301605385-3','Ulcerative (chronic) rectosigmoiditis without complications','Bypass Superior Vena Cava to Pulmonary Trunk, Open Approach'),(240,'2017-07-21 23:03:51','Roman Spring of Mrs. Stone, The','1967-12-27',4,33,6,'Drama|Romance','123','568301296-1','Nondisp fx of r tibial tuberosity, 7thN','Division of Right Trunk Tendon, Percutaneous Endoscopic Approach'),(241,'2017-11-22 09:04:21','My Blue Heaven','1959-10-02',4,37,7,'Comedy','195','109730696-8','Laceration of adductor musc/fasc/tend unsp thigh','Bypass Right External Iliac Artery to Right External Iliac Artery with Autologous Arterial Tissue, Open Approach'),(242,'2017-08-12 13:59:54','Rosalie Goes Shopping','1978-01-30',2,42,5,'Comedy','151','143194472-6','Displ commnt fx shaft of l tibia, 7thH','Bypass Coronary Artery, Two Arteries from Abdominal Artery with Nonautologous Tissue Substitute, Percutaneous Endoscopic Approach'),(243,'2017-07-09 18:32:17','Quick Change','1949-11-03',1,48,9,'Comedy|Crime','107','967388563-X','Displaced dome fracture of right acetabulum, sequela','Dilation of Upper Artery with Three Intraluminal Devices, Open Approach'),(244,'2017-07-31 22:36:50','Confessions of a Driving Instructor','1980-12-11',2,36,7,'Comedy','103','385905490-2','Disp fx of anterior column of right acetabulum, sequela','Restriction of Left Foot Vein with Intraluminal Device, Percutaneous Approach'),(245,'2017-06-16 07:15:51','Unforgiven','1960-02-19',2,20,4,'Drama|Western','198','953153795-X','Other hypertrophic osteoarthropathy, left upper arm','Reattachment of Right Inferior Parathyroid Gland, Open Approach'),(246,'2017-09-29 02:32:39','Blindman','1975-08-09',5,15,6,'Western','131','285612842-4','Encounter for surgical aftcr following surgery on the GU sys','Reattachment of Left Lower Leg Skin, External Approach'),(247,'2017-06-24 12:09:22','Ascent of Money, The','1950-05-14',2,43,9,'Documentary','200','896140618-3','Expsr to rdct in atmos pressr wh surfc fr dp-watr div, subs','Bypass Left Subclavian Artery to Bilateral Lower Arm Artery with Autologous Arterial Tissue, Open Approach'),(248,'2017-06-19 07:15:22','Superman/Shazam!: The Return of Black Adam (DC Showcase Original Shorts Collection)','1934-01-20',4,18,3,'Action|Adventure|Animation','115','854663910-8','Chronic migraine w/o aura, not intractable, w stat migr','Supplement Right Axillary Artery with Autologous Tissue Substitute, Percutaneous Approach'),(249,'2017-04-16 02:13:00','Crimewave','1964-12-18',2,14,5,'Comedy|Crime','117','565500662-6','Laceration without foreign body, right foot, sequela','Muscle Performance Treatment of Musculoskeletal System - Upper Back / Upper Extremity'),(250,'2017-05-08 08:18:31','Jauja','1962-05-20',5,13,1,'Drama|Western','105','370157648-3','Nondisp fx of lateral condyle of unspecified tibia, sequela','Plain Radiography of Right Subclavian Vein using High Osmolar Contrast'),(251,'2017-06-20 22:20:15','Hasty Heart, The','1953-05-11',3,13,2,'Drama','175','053075939-X','Puncture wound with foreign body of penis','Repair Right Eustachian Tube, Percutaneous Endoscopic Approach'),(252,'2017-04-28 14:02:31','Bunraku','1982-10-28',1,32,3,'Action|Drama|Fantasy','115','602596836-5','Other complications of anesthesia, sequela','Excision of Lower Back, External Approach, Diagnostic'),(253,'2017-09-12 19:53:21','Star Is Born, A','2007-02-02',5,36,6,'Drama','183','223932001-X','Injury of median nerve at wrs/hnd lv of left arm, sequela','Drainage of Left Vertebral Artery, Open Approach, Diagnostic'),(254,'2017-08-24 04:44:36','Shanghai','1966-02-22',2,33,9,'Drama|Mystery|Romance','115','712542859-2','Poisn by oth nonopio analges/antipyret, NEC, asslt, sequela','Revision of Autologous Tissue Substitute in Right Metacarpocarpal Joint, Percutaneous Approach'),(255,'2017-04-09 13:49:26','Enid Is Sleeping','1988-11-01',4,16,10,'Comedy','150','765027496-9','Drown due to fall/jump fr burning inflatbl crft, init','Revision of Synthetic Substitute in Upper Vein, Open Approach'),(256,'2017-07-07 16:09:25','Rashomon (Rashômon)','2007-02-03',3,35,2,'Crime|Drama|Mystery','171','304019043-1','Occup of 3-whl mv injured in nonclsn trnsp acc nontraf, subs','Supplement Right Inguinal Lymphatic with Synthetic Substitute, Open Approach'),(257,'2017-06-04 23:25:07','Last Summer','2001-12-31',1,48,8,'Drama','98','490670136-1','Exposure to disaster, war and other hostilities','Supplement Left Common Iliac Vein with Synthetic Substitute, Percutaneous Approach'),(258,'2017-05-03 18:33:16','Diary of a Shinjuku Thief (Shinjuku dorobo nikki)','1924-10-01',1,41,1,'Comedy|Drama','129','062553503-0','Myositis ossificans traumatica, right upper arm','Revision of Nonautologous Tissue Substitute in Nose, Percutaneous Endoscopic Approach'),(259,'2017-06-17 11:55:35','Shadowboxer','2006-11-23',1,37,5,'Crime|Drama|Thriller','97','390415679-9','Chronic myringitis, bilateral','Extirpation of Matter from Left Kidney, Percutaneous Endoscopic Approach'),(260,'2017-11-16 15:08:25','Windows','1978-06-07',2,50,1,'Drama','122','364770820-8','Minor laceration of unsp part of pancreas, subs encntr','Inspection of Coccygeal Joint, Percutaneous Endoscopic Approach'),(261,'2017-11-27 23:30:14','Lemonade Joe (Limonádový Joe aneb Konská opera)','1938-10-26',2,9,11,'Adventure|Comedy|Musical|Romance|Western','97','563120785-0','Retained (nonmagnetic) (old) foreign body in lens, left eye','Excision of Right Buttock, Open Approach'),(262,'2017-11-26 05:39:11','Olympian Holiday (Loma) ','1989-03-13',2,27,2,'Comedy|Romance','198','958347703-6','Nondisp fx of med epicondyl of unsp humer, 7thG','Supplement Left Common Carotid Artery with Autologous Tissue Substitute, Percutaneous Approach'),(263,'2017-08-22 15:04:48','Mr. Average','1947-02-09',5,23,10,'Comedy|Romance','156','599362648-8','Toxic effect of nitrodrv/aminodrv of benzn/homolog','Plain Radiography of Bilateral Tracheobronchial Trees using Other Contrast'),(264,'2017-06-27 17:40:03','Elektra Luxx','1936-06-01',5,49,7,'Comedy','113','925626772-1','Other subluxation of unspecified shoulder joint','Therapeutic Exercise Treatment of Neurological System - Upper Back / Upper Extremity'),(265,'2017-12-17 22:51:00','Getaway, The','2011-05-01',3,23,8,'Action|Adventure|Crime|Drama|Romance|Thriller','183','860901016-3','Nondisp spiral fx shaft of rad, l arm, 7thE','Revision of Nonautologous Tissue Substitute in Left Upper Femur, Open Approach'),(266,'2017-07-27 12:51:15','Magic Flute, The (Trollflöjten)','1999-01-05',3,13,5,'Comedy|Fantasy|Musical|Romance','199','074802081-0','Pathological dislocation of right hip, NEC','Excision of Right Axillary Artery, Percutaneous Endoscopic Approach'),(267,'2017-07-18 18:50:56','Advanced Style','1983-06-28',1,22,1,'Comedy|Documentary|Drama','181','433580313-3','Malignant neoplasm of unspecified epididymis','Replacement of Thoracic Aorta, Ascending/Arch with Autologous Tissue Substitute, Percutaneous Endoscopic Approach'),(268,'2017-11-15 14:36:18','Living Out Loud','1930-09-12',2,37,3,'Comedy|Drama|Romance','132','923101610-5','Displ seg fx shaft of r fibula, init for opn fx type I/2','Bypass Coronary Artery, One Artery from Left Internal Mammary with Zooplastic Tissue, Percutaneous Endoscopic Approach'),(269,'2017-09-18 22:14:20','Murph: The Protector','1966-01-18',3,35,9,'Documentary|War','103','608956694-2','Toxic effect of ingested berries, self-harm, sequela','Inspection of Left Breast, Open Approach'),(270,'2017-08-05 19:47:10','Ciao Bella','1949-06-08',2,6,11,'Comedy|Drama|Romance','136','332027707-3','Unsp foreign body in larynx causing asphyxiation, init','Supplement Left External Iliac Artery with Autologous Tissue Substitute, Open Approach'),(271,'2017-09-20 16:20:18','Hollow Crown, The','1960-07-30',1,12,2,'Drama','121','641729001-8','Sltr-haris Type II physl fx upr end r tibia, 7thP','Introduction of Electrolytic and Water Balance Substance into Mouth and Pharynx, External Approach'),(272,'2017-05-17 10:22:45','Play It Again, Sam','1940-06-11',1,48,6,'Comedy|Romance','97','820341824-4','Gestational edema, complicating the puerperium','Destruction of Penis, External Approach'),(273,'2017-11-22 22:11:42','Dylan Moran: Like, Totally','1958-12-27',5,48,10,'Comedy','186','641731561-4','Primary osteoarthritis, unspecified shoulder','Destruction of Scrotum, Open Approach'),(274,'2017-07-20 02:13:34','Broken Windows','1945-07-05',4,32,4,'Drama','92','753669561-6','Spontaneous rupture of extensor tendons, unspecified hand','Fusion of Right Hip Joint, Open Approach'),(275,'2017-05-19 08:19:34','Blossoms in the Dust','1956-11-16',4,9,8,'Drama','191','216726899-8','Unspecified juvenile rheumatoid arthritis, shoulder','Insertion of Internal Fixation Device into Left Rib, Open Approach'),(276,'2017-04-17 01:08:10','Rover, The','1930-11-09',5,32,1,'Crime|Drama','167','849116717-X','Type 1 diabetes mellitus with periodontal disease','Excision of Lingula Bronchus, Percutaneous Approach'),(277,'2017-10-13 10:33:00','Blood Creek (a.k.a. Town Creek)','1920-03-06',5,10,3,'Horror','114','631890394-1','Kissing spine','Occlusion of Anus with Intraluminal Device, External Approach'),(278,'2017-08-26 20:31:33','Big Sur','1983-07-07',2,12,11,'Drama','99','468398950-6','Milt op w thermal radn effect of nuclear weapon, civ, init','Revision of Infusion Device in Lower Intestinal Tract, Open Approach'),(279,'2017-06-20 06:01:19','Threesome','1922-08-08',4,10,10,'Comedy|Romance','141','201351715-7','Accidental pnctr & lac of a dgstv sys org dur dgstv sys proc','Bypass Coronary Artery, One Artery from Abdominal Artery with Autologous Arterial Tissue, Percutaneous Endoscopic Approach'),(280,'2017-10-31 22:36:55','First Love (Primo Amore)','2017-09-04',1,7,2,'Drama|Romance','96','077126028-8','Nondisp fx of olecran pro w intartic extn unsp ulna, 7thP','Removal of Synthetic Substitute from Penis, Via Natural or Artificial Opening Endoscopic'),(281,'2017-12-14 02:54:40','Passport to Pimlico','2009-09-10',2,8,11,'Comedy','166','430646008-8','Displacement of int fix of bones of foot and toes, init','Muscle Performance Assessment of Integumentary System - Head and Neck using Other Equipment'),(282,'2017-12-14 06:54:20','Aces \'N\' Eights','1927-02-05',4,29,6,'Action|Adventure|Drama|Romance|Western','110','707900857-3','Nondisp fx of medial phalanx of oth finger, init for opn fx','Division of Right Shoulder Tendon, Open Approach'),(283,'2017-10-04 17:02:29','Osmosis Jones','1963-11-06',2,42,1,'Action|Animation|Comedy|Crime|Drama|Romance|Thriller','112','336331688-7','Nondisp oblique fx shaft of l femr, 7thH','Vocational Activities and Functional Community or Work Reintegration Skills Assessment using Assistive, Adaptive, Supportive or Protective Equipment'),(284,'2017-04-02 06:50:56','Broadway Melody of 1940','1939-04-05',2,7,10,'Musical','101','027359689-6','Displ simple suprcndl fx w/o intrcndl fx r humerus, init','Occlusion of Small Intestine with Extraluminal Device, Open Approach'),(285,'2017-06-21 20:34:19','Beautiful Creatures','1967-10-16',4,37,11,'Comedy|Crime|Drama|Thriller','186','437414041-7','Sprain of metacarpophalangeal joint of right ring finger','Insertion of Internal Fixation Device into Left Hip Joint, Open Approach'),(286,'2017-08-21 20:26:36','Dead Snow (Død snø)','1953-06-12',1,14,7,'Action|Adventure|Comedy|Horror','147','090961204-8','Laceration with foreign body of right shoulder, sequela','Dilation of Left Temporal Artery with Three Drug-eluting Intraluminal Devices, Percutaneous Approach'),(287,'2017-05-15 00:46:22','Rite, The','1949-03-03',3,15,5,'Drama|Horror|Thriller','149','017033812-6','Prsnl hx of malig neoplm of lip, oral cavity, and pharynx','Resection of Left Extraocular Muscle, Open Approach'),(288,'2017-08-30 10:33:39','Howard the Duck','1930-10-22',5,11,7,'Adventure|Comedy|Sci-Fi','151','566055322-2','Undescended testicle, unilateral','Release Left Choroid, Open Approach'),(289,'2017-07-08 23:49:47','Three Ages','1969-03-07',1,37,5,'Comedy','196','098128296-2','Underdosing of pyrazolone derivatives','Drainage of Right Lower Extremity with Drainage Device, Open Approach'),(290,'2017-10-05 18:22:17','Slipping-Down Life, A','1959-07-20',2,31,11,'Drama|Romance','185','708162527-4','Lacerat extensor musc/fasc/tend finger at wrs/hnd lv, subs','Revision of Drainage Device in Head and Neck Subcutaneous Tissue and Fascia, External Approach'),(291,'2017-04-06 15:33:58','City Slickers','1943-02-21',4,15,2,'Comedy|Western','115','571819165-4','Breakdown (mechanical) of muscle and tendon graft, subs','Fragmentation in Rectum, Via Natural or Artificial Opening Endoscopic'),(292,'2017-05-17 16:24:17','Born Romantic','1971-07-19',4,37,2,'Comedy|Drama|Romance','128','683530792-7','Drown due to falling or jumping from burning sailboat','Repair Left Ovary, Percutaneous Approach'),(293,'2017-09-21 12:56:52','Silver Stallion (Silver Brumpy, The)','1989-01-26',3,2,3,'Drama','127','605071696-X','Pedl cyclst (driver) injured in oth transport acc, sequela','Supplement Tibial Nerve with Autologous Tissue Substitute, Open Approach'),(294,'2017-06-24 03:55:27','Ciao Bella','1967-03-29',2,12,11,'Comedy|Drama|Romance','93','723699418-9','Oth incmpl lesion at unsp level of cerv spinal cord, sequela','Extirpation of Matter from Stomach, Via Natural or Artificial Opening Endoscopic'),(295,'2017-11-30 05:54:54','Act of Valor','1965-05-24',4,25,5,'Action|Thriller|War','98','549942448-9','Sltr-haris Type II physeal fx lower end of r tibia, sequela','Release Left Auditory Ossicle, Open Approach'),(296,'2017-07-03 11:36:30','Come Dance with Me!','1981-03-19',2,4,7,'Crime|Drama|Mystery','186','734592336-3','Poisoning by iminostilbenes, intentional self-harm, sequela','Drainage of Optic Nerve, Open Approach, Diagnostic'),(297,'2017-05-31 22:12:25','Place at the Table, A','2012-07-10',1,44,9,'Documentary','155','928566188-2','Poisoning by oth antihypertn drugs, accidental, init','Excision of Skull, Percutaneous Approach, Diagnostic'),(298,'2017-07-10 12:32:38','Secret Honor','1993-10-02',5,29,8,'Drama','200','785206769-7','Primary biliary cirrhosis','Extirpation of Matter from Left Parietal Bone, Percutaneous Approach'),(299,'2017-12-17 01:39:38','Citizen Cohn','1981-04-05',4,6,10,'Drama','173','146115051-5','Injury of ulnar nerve at wrist and hand level of left arm','Bypass Right External Iliac Artery to Left Femoral Artery with Autologous Venous Tissue, Open Approach'),(300,'2017-08-31 18:41:58','All Night Long','2008-01-12',1,18,11,'Comedy|Drama','186','193413326-4','Oth foreign object in oth prt resp tract cause asphyx, init','Resection of Right Upper Eyelid, Open Approach');
/*!40000 ALTER TABLE `movies` ENABLE KEYS */;
UNLOCK TABLES;

--
-- Table structure for table `pricecategory`
--

DROP TABLE IF EXISTS `pricecategory`;
/*!40101 SET @saved_cs_client     = @@character_set_client */;
/*!40101 SET character_set_client = utf8 */;
CREATE TABLE `pricecategory` (
  `intID` int(11) NOT NULL AUTO_INCREMENT,
  `strName` varchar(50) NOT NULL,
  `intPrice` double NOT NULL,
  PRIMARY KEY (`intID`)
) ENGINE=InnoDB AUTO_INCREMENT=6 DEFAULT CHARSET=utf8;
/*!40101 SET character_set_client = @saved_cs_client */;

--
-- Dumping data for table `pricecategory`
--

LOCK TABLES `pricecategory` WRITE;
/*!40000 ALTER TABLE `pricecategory` DISABLE KEYS */;
INSERT INTO `pricecategory` VALUES (1,'Cheap as... ',0.99),(2,'OK deal',1.99),(3,'Upper limit',2.99),(4,'Rip-off',3.99),(5,'Gangster deal',4.99);
/*!40000 ALTER TABLE `pricecategory` ENABLE KEYS */;
UNLOCK TABLES;

--
-- Table structure for table `rentallog`
--

DROP TABLE IF EXISTS `rentallog`;
/*!40101 SET @saved_cs_client     = @@character_set_client */;
/*!40101 SET character_set_client = utf8 */;
CREATE TABLE `rentallog` (
  `intID` int(11) NOT NULL AUTO_INCREMENT,
  `dteCreated` datetime DEFAULT NULL,
  `intMovieID` int(11) DEFAULT NULL,
  `intCustomerID` int(11) NOT NULL,
  `intStaffID` int(11) NOT NULL,
  `dteReturned` datetime DEFAULT NULL,
  PRIMARY KEY (`intID`),
  KEY `intMovieID` (`intMovieID`),
  KEY `intCustomerID` (`intCustomerID`),
  KEY `intStaffID` (`intStaffID`),
  CONSTRAINT `rentallog_ibfk_1` FOREIGN KEY (`intMovieID`) REFERENCES `movies` (`intID`),
  CONSTRAINT `rentallog_ibfk_2` FOREIGN KEY (`intCustomerID`) REFERENCES `customers` (`intID`),
  CONSTRAINT `rentallog_ibfk_3` FOREIGN KEY (`intStaffID`) REFERENCES `staff` (`intID`)
) ENGINE=InnoDB AUTO_INCREMENT=2185 DEFAULT CHARSET=utf8;
/*!40101 SET character_set_client = @saved_cs_client */;

--
-- Dumping data for table `rentallog`
--

LOCK TABLES `rentallog` WRITE;
/*!40000 ALTER TABLE `rentallog` DISABLE KEYS */;
INSERT INTO `rentallog` VALUES (1,'2018-04-21 00:00:00',117,173,2,NULL),(2,'2018-04-06 00:00:00',283,39,2,'2018-04-12 00:00:00'),(3,'2018-04-13 00:00:00',129,135,2,'2018-04-16 00:00:00'),(4,'2018-03-16 00:00:00',16,131,2,'2018-03-25 00:00:00'),(5,'2018-02-24 00:00:00',144,147,3,'2018-03-05 00:00:00'),(6,'2018-01-29 00:00:00',98,107,7,'2018-01-31 00:00:00'),(7,'2018-02-09 00:00:00',267,46,5,'2018-02-12 00:00:00'),(8,'2018-03-01 00:00:00',97,149,8,'2018-03-08 00:00:00'),(9,'2018-03-09 00:00:00',260,101,9,'2018-03-13 00:00:00'),(10,'2018-04-13 00:00:00',150,40,5,'2018-04-21 00:00:00'),(11,'2018-02-02 00:00:00',60,14,8,'2018-02-12 00:00:00'),(12,'2018-03-16 00:00:00',148,120,6,'2018-03-26 00:00:00'),(13,'2018-02-09 00:00:00',47,42,6,'2018-02-15 00:00:00'),(14,'2018-04-02 00:00:00',172,100,8,'2018-04-08 00:00:00'),(15,'2018-03-26 00:00:00',182,20,7,'2018-03-31 00:00:00'),(16,'2018-01-25 00:00:00',249,57,9,'2018-02-04 00:00:00'),(17,'2018-02-19 00:00:00',261,191,2,'2018-02-27 00:00:00'),(18,'2018-01-30 00:00:00',34,4,8,'2018-02-02 00:00:00'),(19,'2018-02-20 00:00:00',30,155,6,'2018-02-24 00:00:00'),(20,'2018-03-06 00:00:00',66,39,4,'2018-03-16 00:00:00'),(21,'2018-01-25 00:00:00',291,180,6,'2018-02-04 00:00:00'),(22,'2018-04-01 00:00:00',184,129,4,'2018-04-07 00:00:00'),(23,'2018-01-28 00:00:00',135,49,9,'2018-02-04 00:00:00'),(24,'2018-02-26 00:00:00',218,14,2,'2018-03-04 00:00:00'),(25,'2018-03-07 00:00:00',153,176,9,'2018-03-11 00:00:00'),(26,'2018-02-17 00:00:00',268,84,5,'2018-02-19 00:00:00'),(27,'2018-02-09 00:00:00',249,115,4,'2018-02-18 00:00:00'),(28,'2018-04-09 00:00:00',262,72,2,'2018-04-16 00:00:00'),(29,'2018-02-15 00:00:00',53,2,6,'2018-02-19 00:00:00'),(30,'2018-03-07 00:00:00',15,170,2,'2018-03-10 00:00:00'),(31,'2018-04-21 00:00:00',212,56,3,NULL),(32,'2018-03-16 00:00:00',215,75,7,'2018-03-21 00:00:00'),(33,'2018-03-11 00:00:00',273,145,9,'2018-03-15 00:00:00'),(34,'2018-03-30 00:00:00',174,174,6,'2018-04-06 00:00:00'),(35,'2018-03-15 00:00:00',160,109,2,'2018-03-20 00:00:00'),(36,'2018-01-29 00:00:00',41,98,1,'2018-02-03 00:00:00'),(37,'2018-03-22 00:00:00',231,189,5,'2018-04-01 00:00:00'),(38,'2018-04-03 00:00:00',210,174,3,'2018-04-12 00:00:00'),(39,'2018-02-19 00:00:00',184,164,3,'2018-02-27 00:00:00'),(40,'2018-02-09 00:00:00',88,80,2,'2018-02-14 00:00:00'),(41,'2018-03-19 00:00:00',284,171,5,'2018-03-26 00:00:00'),(42,'2018-02-26 00:00:00',61,110,2,'2018-03-07 00:00:00'),(43,'2018-04-14 00:00:00',6,176,4,'2018-04-17 00:00:00'),(44,'2018-04-10 00:00:00',271,101,8,'2018-04-17 00:00:00'),(45,'2018-03-09 00:00:00',3,147,7,'2018-03-12 00:00:00'),(46,'2018-01-24 00:00:00',105,107,7,'2018-01-27 00:00:00'),(47,'2018-03-10 00:00:00',204,99,5,'2018-03-17 00:00:00'),(48,'2018-03-01 00:00:00',285,101,7,'2018-03-09 00:00:00'),(49,'2018-02-11 00:00:00',214,98,4,'2018-02-13 00:00:00'),(50,'2018-04-16 00:00:00',42,52,9,'2018-04-22 00:00:00'),(51,'2018-03-02 00:00:00',269,98,8,'2018-03-07 00:00:00'),(52,'2018-03-30 00:00:00',201,14,4,'2018-04-02 00:00:00'),(53,'2018-02-07 00:00:00',128,32,6,'2018-02-17 00:00:00'),(54,'2018-04-18 00:00:00',214,45,10,NULL),(55,'2018-04-01 00:00:00',187,59,6,'2018-04-05 00:00:00'),(56,'2018-04-11 00:00:00',282,18,7,'2018-04-20 00:00:00'),(57,'2018-02-09 00:00:00',218,184,5,'2018-02-13 00:00:00'),(58,'2018-03-24 00:00:00',59,128,6,'2018-03-30 00:00:00'),(59,'2018-04-13 00:00:00',93,71,9,'2018-04-21 00:00:00'),(60,'2018-04-05 00:00:00',176,124,4,'2018-04-10 00:00:00'),(61,'2018-02-10 00:00:00',247,191,4,'2018-02-12 00:00:00'),(62,'2018-02-17 00:00:00',110,137,4,'2018-02-25 00:00:00'),(63,'2018-03-08 00:00:00',202,86,2,'2018-03-15 00:00:00'),(64,'2018-03-28 00:00:00',196,190,8,'2018-03-31 00:00:00'),(65,'2018-04-10 00:00:00',36,132,10,'2018-04-14 00:00:00'),(66,'2018-02-13 00:00:00',215,113,7,'2018-02-15 00:00:00'),(67,'2018-02-22 00:00:00',242,186,3,'2018-02-27 00:00:00'),(68,'2018-03-20 00:00:00',285,17,6,'2018-03-24 00:00:00'),(69,'2018-03-03 00:00:00',31,3,8,'2018-03-06 00:00:00'),(70,'2018-02-16 00:00:00',267,40,4,'2018-02-21 00:00:00'),(71,'2018-01-30 00:00:00',268,51,6,'2018-02-07 00:00:00'),(72,'2018-04-06 00:00:00',127,100,3,'2018-04-10 00:00:00'),(73,'2018-02-24 00:00:00',246,89,8,'2018-03-02 00:00:00'),(74,'2018-03-14 00:00:00',178,199,3,'2018-03-24 00:00:00'),(75,'2018-04-23 00:00:00',22,23,4,NULL),(76,'2018-03-25 00:00:00',77,68,9,'2018-04-01 00:00:00'),(77,'2018-03-07 00:00:00',35,148,4,'2018-03-17 00:00:00'),(78,'2018-03-03 00:00:00',59,126,6,'2018-03-11 00:00:00'),(79,'2018-02-01 00:00:00',171,55,7,'2018-02-10 00:00:00'),(80,'2018-03-17 00:00:00',152,15,8,'2018-03-20 00:00:00'),(81,'2018-03-08 00:00:00',128,68,5,'2018-03-15 00:00:00'),(82,'2018-01-27 00:00:00',136,48,8,'2018-02-03 00:00:00'),(83,'2018-03-19 00:00:00',133,126,8,'2018-03-25 00:00:00'),(84,'2018-04-08 00:00:00',197,195,9,'2018-04-13 00:00:00'),(85,'2018-02-24 00:00:00',153,15,9,'2018-03-02 00:00:00'),(86,'2018-01-28 00:00:00',181,25,8,'2018-02-01 00:00:00'),(87,'2018-02-28 00:00:00',137,61,2,'2018-03-07 00:00:00'),(88,'2018-02-08 00:00:00',45,109,3,'2018-02-16 00:00:00'),(89,'2018-02-18 00:00:00',238,119,6,'2018-02-26 00:00:00'),(90,'2018-04-06 00:00:00',101,26,7,'2018-04-09 00:00:00'),(91,'2018-02-19 00:00:00',93,98,6,'2018-02-26 00:00:00'),(92,'2018-04-14 00:00:00',147,114,4,'2018-04-24 00:00:00'),(93,'2018-04-05 00:00:00',223,20,3,'2018-04-14 00:00:00'),(94,'2018-04-21 00:00:00',177,188,9,NULL),(95,'2018-02-04 00:00:00',87,137,6,'2018-02-11 00:00:00'),(96,'2018-02-19 00:00:00',97,188,8,'2018-02-28 00:00:00'),(97,'2018-02-05 00:00:00',290,99,6,'2018-02-08 00:00:00'),(98,'2018-03-23 00:00:00',60,167,6,'2018-03-25 00:00:00'),(99,'2018-03-13 00:00:00',48,53,9,'2018-03-19 00:00:00'),(100,'2018-03-14 00:00:00',68,195,3,'2018-03-22 00:00:00'),(101,'2018-04-20 00:00:00',281,170,5,NULL),(102,'2018-02-24 00:00:00',222,176,3,'2018-03-06 00:00:00'),(103,'2018-03-27 00:00:00',256,82,5,'2018-04-06 00:00:00'),(104,'2018-04-10 00:00:00',43,151,4,'2018-04-15 00:00:00'),(105,'2018-03-11 00:00:00',139,33,5,'2018-03-16 00:00:00'),(106,'2018-03-05 00:00:00',23,146,5,'2018-03-11 00:00:00'),(107,'2018-01-29 00:00:00',108,95,4,'2018-02-03 00:00:00'),(108,'2018-04-22 00:00:00',293,57,5,NULL),(109,'2018-04-15 00:00:00',184,184,8,'2018-04-20 00:00:00'),(110,'2018-04-16 00:00:00',76,192,1,'2018-04-19 00:00:00'),(111,'2018-03-27 00:00:00',49,111,4,'2018-04-01 00:00:00'),(112,'2018-02-10 00:00:00',117,92,2,'2018-02-13 00:00:00'),(113,'2018-04-07 00:00:00',70,100,8,'2018-04-13 00:00:00'),(114,'2018-03-06 00:00:00',223,180,3,'2018-03-10 00:00:00'),(115,'2018-02-28 00:00:00',106,14,3,'2018-03-04 00:00:00'),(116,'2018-04-12 00:00:00',228,65,4,'2018-04-21 00:00:00'),(117,'2018-02-18 00:00:00',231,19,2,'2018-02-25 00:00:00'),(118,'2018-03-12 00:00:00',21,132,2,'2018-03-21 00:00:00'),(119,'2018-03-14 00:00:00',168,170,6,'2018-03-24 00:00:00'),(120,'2018-03-25 00:00:00',162,198,4,'2018-04-03 00:00:00'),(121,'2018-02-24 00:00:00',177,3,4,'2018-02-28 00:00:00'),(122,'2018-03-17 00:00:00',225,31,5,'2018-03-21 00:00:00'),(123,'2018-04-19 00:00:00',179,145,9,NULL),(124,'2018-04-19 00:00:00',79,55,6,NULL),(125,'2018-04-21 00:00:00',13,187,6,NULL),(126,'2018-01-28 00:00:00',226,79,7,'2018-01-31 00:00:00'),(127,'2018-03-27 00:00:00',75,188,10,'2018-04-01 00:00:00'),(128,'2018-01-29 00:00:00',166,26,10,'2018-02-07 00:00:00'),(129,'2018-03-14 00:00:00',108,155,8,'2018-03-19 00:00:00'),(130,'2018-02-23 00:00:00',191,80,2,'2018-03-04 00:00:00'),(131,'2018-04-05 00:00:00',55,130,7,'2018-04-13 00:00:00'),(132,'2018-03-10 00:00:00',149,61,1,'2018-03-15 00:00:00'),(133,'2018-04-06 00:00:00',294,33,9,'2018-04-15 00:00:00'),(134,'2018-02-05 00:00:00',23,32,6,'2018-02-13 00:00:00'),(135,'2018-03-25 00:00:00',228,193,6,'2018-04-04 00:00:00'),(136,'2018-02-14 00:00:00',266,145,10,'2018-02-18 00:00:00'),(137,'2018-02-25 00:00:00',163,169,6,'2018-03-01 00:00:00'),(138,'2018-03-13 00:00:00',52,63,1,'2018-03-19 00:00:00'),(139,'2018-03-24 00:00:00',187,106,8,'2018-03-30 00:00:00'),(140,'2018-03-31 00:00:00',62,6,6,'2018-04-10 00:00:00'),(141,'2018-03-07 00:00:00',231,129,9,'2018-03-10 00:00:00'),(142,'2018-03-01 00:00:00',159,171,7,'2018-03-05 00:00:00'),(143,'2018-02-07 00:00:00',83,178,7,'2018-02-10 00:00:00'),(144,'2018-03-09 00:00:00',171,200,4,'2018-03-16 00:00:00'),(145,'2018-03-14 00:00:00',146,66,3,'2018-03-19 00:00:00'),(146,'2018-02-02 00:00:00',65,25,10,'2018-02-12 00:00:00'),(147,'2018-03-14 00:00:00',151,80,5,'2018-03-19 00:00:00'),(148,'2018-04-06 00:00:00',288,60,6,'2018-04-12 00:00:00'),(149,'2018-04-17 00:00:00',219,177,3,'2018-04-24 00:00:00'),(150,'2018-03-13 00:00:00',232,195,6,'2018-03-20 00:00:00'),(151,'2018-02-07 00:00:00',91,161,2,'2018-02-14 00:00:00'),(152,'2018-04-05 00:00:00',149,126,7,'2018-04-12 00:00:00'),(153,'2018-03-23 00:00:00',266,16,8,'2018-03-31 00:00:00'),(154,'2018-03-18 00:00:00',271,13,6,'2018-03-27 00:00:00'),(155,'2018-02-18 00:00:00',72,108,10,'2018-02-27 00:00:00'),(156,'2018-04-02 00:00:00',202,107,7,'2018-04-06 00:00:00'),(157,'2018-02-26 00:00:00',32,187,4,'2018-03-02 00:00:00'),(158,'2018-01-27 00:00:00',262,21,9,'2018-02-04 00:00:00'),(159,'2018-04-06 00:00:00',215,160,9,'2018-04-10 00:00:00'),(160,'2018-02-09 00:00:00',151,146,2,'2018-02-16 00:00:00'),(161,'2018-03-13 00:00:00',87,127,4,'2018-03-22 00:00:00'),(162,'2018-02-26 00:00:00',81,129,5,'2018-03-02 00:00:00'),(163,'2018-04-11 00:00:00',218,72,6,'2018-04-16 00:00:00'),(164,'2018-01-27 00:00:00',32,106,4,'2018-02-06 00:00:00'),(165,'2018-04-20 00:00:00',267,170,6,'2018-04-24 00:00:00'),(166,'2018-03-23 00:00:00',270,109,1,'2018-04-02 00:00:00'),(167,'2018-03-14 00:00:00',214,185,5,'2018-03-18 00:00:00'),(168,'2018-03-01 00:00:00',279,8,4,'2018-03-07 00:00:00'),(169,'2018-03-15 00:00:00',19,176,3,'2018-03-21 00:00:00'),(170,'2018-03-18 00:00:00',249,182,2,'2018-03-23 00:00:00'),(171,'2018-02-25 00:00:00',260,93,7,'2018-03-07 00:00:00'),(172,'2018-04-03 00:00:00',2,44,2,'2018-04-12 00:00:00'),(173,'2018-02-17 00:00:00',258,16,8,'2018-02-22 00:00:00'),(174,'2018-02-13 00:00:00',39,31,4,'2018-02-19 00:00:00'),(175,'2018-03-15 00:00:00',293,142,6,'2018-03-17 00:00:00'),(176,'2018-01-30 00:00:00',77,169,5,'2018-02-07 00:00:00'),(177,'2018-02-17 00:00:00',90,119,2,'2018-02-21 00:00:00'),(178,'2018-03-04 00:00:00',130,58,2,'2018-03-11 00:00:00'),(179,'2018-02-14 00:00:00',14,163,9,'2018-02-20 00:00:00'),(180,'2018-04-05 00:00:00',169,21,8,'2018-04-09 00:00:00'),(181,'2018-02-12 00:00:00',290,90,4,'2018-02-18 00:00:00'),(182,'2018-03-23 00:00:00',190,189,8,'2018-03-31 00:00:00'),(183,'2018-03-29 00:00:00',287,178,6,'2018-04-08 00:00:00'),(184,'2018-03-31 00:00:00',243,102,2,'2018-04-06 00:00:00'),(185,'2018-04-19 00:00:00',77,128,5,NULL),(186,'2018-04-05 00:00:00',12,2,9,'2018-04-13 00:00:00'),(187,'2018-03-02 00:00:00',18,159,8,'2018-03-05 00:00:00'),(188,'2018-02-25 00:00:00',289,98,6,'2018-03-05 00:00:00'),(189,'2018-03-26 00:00:00',186,72,9,'2018-04-04 00:00:00'),(190,'2018-03-09 00:00:00',137,177,2,'2018-03-17 00:00:00'),(191,'2018-02-26 00:00:00',294,195,9,'2018-03-08 00:00:00'),(192,'2018-02-13 00:00:00',262,51,7,'2018-02-15 00:00:00'),(193,'2018-03-16 00:00:00',243,79,6,'2018-03-20 00:00:00'),(194,'2018-04-05 00:00:00',275,95,7,'2018-04-13 00:00:00'),(195,'2018-02-24 00:00:00',58,132,8,'2018-03-01 00:00:00'),(196,'2018-02-25 00:00:00',47,147,3,'2018-02-27 00:00:00'),(197,'2018-02-10 00:00:00',252,167,7,'2018-02-16 00:00:00'),(198,'2018-02-16 00:00:00',174,124,4,'2018-02-24 00:00:00'),(199,'2018-02-04 00:00:00',6,21,5,'2018-02-09 00:00:00'),(200,'2018-01-27 00:00:00',115,110,6,'2018-02-02 00:00:00'),(201,'2018-03-27 00:00:00',227,118,7,'2018-04-04 00:00:00'),(202,'2018-03-05 00:00:00',71,168,5,'2018-03-13 00:00:00'),(203,'2018-01-26 00:00:00',287,130,4,'2018-01-31 00:00:00'),(204,'2018-02-02 00:00:00',108,110,7,'2018-02-07 00:00:00'),(205,'2018-02-24 00:00:00',116,26,5,'2018-02-28 00:00:00'),(206,'2018-04-21 00:00:00',55,194,4,NULL),(207,'2018-03-01 00:00:00',185,167,4,'2018-03-04 00:00:00'),(208,'2018-04-16 00:00:00',282,82,3,'2018-04-21 00:00:00'),(209,'2018-02-11 00:00:00',146,61,2,'2018-02-16 00:00:00'),(210,'2018-03-19 00:00:00',239,119,6,'2018-03-27 00:00:00'),(211,'2018-04-15 00:00:00',128,180,3,'2018-04-23 00:00:00'),(212,'2018-03-17 00:00:00',265,27,1,'2018-03-22 00:00:00'),(213,'2018-02-26 00:00:00',225,73,6,'2018-03-01 00:00:00'),(214,'2018-02-13 00:00:00',136,159,7,'2018-02-16 00:00:00'),(215,'2018-02-19 00:00:00',70,31,1,'2018-02-26 00:00:00'),(216,'2018-02-08 00:00:00',108,179,5,'2018-02-18 00:00:00'),(217,'2018-03-30 00:00:00',295,90,4,'2018-04-02 00:00:00'),(218,'2018-04-18 00:00:00',24,8,10,'2018-04-24 00:00:00'),(219,'2018-02-24 00:00:00',37,71,5,'2018-03-01 00:00:00'),(220,'2018-01-30 00:00:00',144,7,7,'2018-02-05 00:00:00'),(221,'2018-03-09 00:00:00',77,44,4,'2018-03-14 00:00:00'),(222,'2018-01-30 00:00:00',250,195,4,'2018-02-07 00:00:00'),(223,'2018-04-23 00:00:00',82,158,2,NULL),(224,'2018-03-26 00:00:00',242,118,6,'2018-03-29 00:00:00'),(225,'2018-02-07 00:00:00',242,6,7,'2018-02-14 00:00:00'),(226,'2018-03-18 00:00:00',142,111,4,'2018-03-27 00:00:00'),(227,'2018-04-14 00:00:00',296,111,8,'2018-04-20 00:00:00'),(228,'2018-03-21 00:00:00',290,120,2,'2018-03-26 00:00:00'),(229,'2018-02-21 00:00:00',161,66,1,'2018-02-24 00:00:00'),(230,'2018-04-06 00:00:00',233,53,10,'2018-04-15 00:00:00'),(231,'2018-02-10 00:00:00',249,157,5,'2018-02-16 00:00:00'),(232,'2018-02-14 00:00:00',164,5,5,'2018-02-21 00:00:00'),(233,'2018-03-31 00:00:00',249,75,4,'2018-04-09 00:00:00'),(234,'2018-02-17 00:00:00',151,178,10,'2018-02-23 00:00:00'),(235,'2018-04-17 00:00:00',61,113,3,'2018-04-23 00:00:00'),(236,'2018-03-21 00:00:00',13,101,5,'2018-03-25 00:00:00'),(237,'2018-03-13 00:00:00',42,77,5,'2018-03-16 00:00:00'),(238,'2018-03-26 00:00:00',161,77,4,'2018-03-29 00:00:00'),(239,'2018-03-14 00:00:00',6,56,4,'2018-03-18 00:00:00'),(240,'2018-02-09 00:00:00',56,105,2,'2018-02-12 00:00:00'),(241,'2018-02-23 00:00:00',223,97,3,'2018-03-03 00:00:00'),(242,'2018-03-15 00:00:00',286,163,3,'2018-03-22 00:00:00'),(243,'2018-02-25 00:00:00',238,68,4,'2018-03-03 00:00:00'),(244,'2018-03-11 00:00:00',55,64,1,'2018-03-17 00:00:00'),(245,'2018-03-29 00:00:00',148,131,8,'2018-04-02 00:00:00'),(246,'2018-04-21 00:00:00',143,53,9,NULL),(247,'2018-03-02 00:00:00',229,180,3,'2018-03-06 00:00:00'),(248,'2018-03-23 00:00:00',168,86,5,'2018-03-26 00:00:00'),(249,'2018-04-17 00:00:00',102,196,9,NULL),(250,'2018-03-16 00:00:00',66,120,4,'2018-03-22 00:00:00'),(251,'2018-02-04 00:00:00',114,134,3,'2018-02-09 00:00:00'),(252,'2018-04-14 00:00:00',253,146,2,'2018-04-23 00:00:00'),(253,'2018-03-26 00:00:00',166,173,7,'2018-03-30 00:00:00'),(254,'2018-02-17 00:00:00',19,72,6,'2018-02-24 00:00:00'),(255,'2018-01-31 00:00:00',73,162,4,'2018-02-08 00:00:00'),(256,'2018-04-04 00:00:00',225,103,4,'2018-04-07 00:00:00'),(257,'2018-04-22 00:00:00',191,34,9,NULL),(258,'2018-04-15 00:00:00',57,172,8,'2018-04-23 00:00:00'),(259,'2018-04-12 00:00:00',208,45,1,'2018-04-17 00:00:00'),(260,'2018-03-11 00:00:00',71,31,1,'2018-03-16 00:00:00'),(261,'2018-02-12 00:00:00',160,67,2,'2018-02-20 00:00:00'),(262,'2018-03-26 00:00:00',271,85,5,'2018-03-31 00:00:00'),(263,'2018-02-20 00:00:00',131,52,10,'2018-02-24 00:00:00'),(264,'2018-04-09 00:00:00',190,140,6,'2018-04-18 00:00:00'),(265,'2018-02-05 00:00:00',34,187,4,'2018-02-11 00:00:00'),(266,'2018-02-03 00:00:00',146,28,3,'2018-02-08 00:00:00'),(267,'2018-02-23 00:00:00',89,102,7,'2018-03-02 00:00:00'),(268,'2018-02-12 00:00:00',98,163,2,'2018-02-21 00:00:00'),(269,'2018-04-22 00:00:00',242,146,3,NULL),(270,'2018-01-27 00:00:00',265,188,1,'2018-01-30 00:00:00'),(271,'2018-03-18 00:00:00',57,60,9,'2018-03-27 00:00:00'),(272,'2018-02-18 00:00:00',288,68,8,'2018-02-27 00:00:00'),(273,'2018-01-28 00:00:00',54,131,8,'2018-02-02 00:00:00'),(274,'2018-02-19 00:00:00',163,143,9,'2018-02-24 00:00:00'),(275,'2018-03-07 00:00:00',199,153,8,'2018-03-16 00:00:00'),(276,'2018-02-08 00:00:00',259,63,10,'2018-02-15 00:00:00'),(277,'2018-01-29 00:00:00',18,192,7,'2018-02-06 00:00:00'),(278,'2018-04-02 00:00:00',281,138,7,'2018-04-07 00:00:00'),(279,'2018-04-16 00:00:00',123,89,10,'2018-04-22 00:00:00'),(280,'2018-02-23 00:00:00',156,139,9,'2018-02-27 00:00:00'),(281,'2018-03-08 00:00:00',186,118,2,'2018-03-17 00:00:00'),(282,'2018-02-25 00:00:00',253,72,3,'2018-03-07 00:00:00'),(283,'2018-04-03 00:00:00',293,180,6,'2018-04-08 00:00:00'),(284,'2018-04-08 00:00:00',3,148,7,'2018-04-11 00:00:00'),(285,'2018-04-14 00:00:00',82,162,3,'2018-04-20 00:00:00'),(286,'2018-02-18 00:00:00',135,94,1,'2018-02-27 00:00:00'),(287,'2018-03-01 00:00:00',48,163,6,'2018-03-11 00:00:00'),(288,'2018-03-08 00:00:00',138,178,2,'2018-03-16 00:00:00'),(289,'2018-02-18 00:00:00',166,148,1,'2018-02-23 00:00:00'),(290,'2018-01-26 00:00:00',274,52,6,'2018-02-03 00:00:00'),(291,'2018-02-10 00:00:00',244,143,2,'2018-02-16 00:00:00'),(292,'2018-03-07 00:00:00',192,92,4,'2018-03-11 00:00:00'),(293,'2018-03-15 00:00:00',59,133,8,'2018-03-18 00:00:00'),(294,'2018-02-18 00:00:00',192,24,7,'2018-02-23 00:00:00'),(295,'2018-01-27 00:00:00',121,85,9,'2018-02-05 00:00:00'),(296,'2018-04-01 00:00:00',255,139,9,'2018-04-07 00:00:00'),(297,'2018-03-05 00:00:00',45,173,9,'2018-03-15 00:00:00'),(298,'2018-02-10 00:00:00',186,172,5,'2018-02-15 00:00:00'),(299,'2018-04-04 00:00:00',285,78,2,'2018-04-07 00:00:00'),(300,'2018-04-03 00:00:00',224,17,3,'2018-04-12 00:00:00'),(301,'2018-02-25 00:00:00',98,138,5,'2018-03-04 00:00:00'),(302,'2018-01-25 00:00:00',120,194,7,'2018-02-01 00:00:00'),(303,'2018-03-19 00:00:00',206,103,5,'2018-03-29 00:00:00'),(304,'2018-01-28 00:00:00',195,66,7,'2018-02-01 00:00:00'),(305,'2018-03-17 00:00:00',3,177,5,'2018-03-19 00:00:00'),(306,'2018-03-27 00:00:00',275,97,7,'2018-04-01 00:00:00'),(307,'2018-02-08 00:00:00',155,194,4,'2018-02-12 00:00:00'),(308,'2018-03-05 00:00:00',249,90,8,'2018-03-14 00:00:00'),(309,'2018-03-15 00:00:00',78,110,10,'2018-03-24 00:00:00'),(310,'2018-04-09 00:00:00',19,117,8,'2018-04-18 00:00:00'),(311,'2018-01-27 00:00:00',300,53,4,'2018-02-03 00:00:00'),(312,'2018-02-09 00:00:00',36,51,9,'2018-02-12 00:00:00'),(313,'2018-02-17 00:00:00',173,6,5,'2018-02-27 00:00:00'),(314,'2018-01-30 00:00:00',142,198,6,'2018-02-05 00:00:00'),(315,'2018-02-14 00:00:00',162,40,4,'2018-02-17 00:00:00'),(316,'2018-03-29 00:00:00',158,162,5,'2018-04-02 00:00:00'),(317,'2018-02-03 00:00:00',210,54,3,'2018-02-06 00:00:00'),(318,'2018-03-19 00:00:00',40,171,9,'2018-03-23 00:00:00'),(319,'2018-02-04 00:00:00',288,130,4,'2018-02-12 00:00:00'),(320,'2018-02-09 00:00:00',240,166,8,'2018-02-11 00:00:00'),(321,'2018-03-25 00:00:00',208,92,3,'2018-03-30 00:00:00'),(322,'2018-02-18 00:00:00',130,84,8,'2018-02-27 00:00:00'),(323,'2018-02-15 00:00:00',125,172,1,'2018-02-23 00:00:00'),(324,'2018-02-20 00:00:00',142,86,8,'2018-02-24 00:00:00'),(325,'2018-03-22 00:00:00',268,138,8,'2018-03-29 00:00:00'),(326,'2018-02-16 00:00:00',286,93,5,'2018-02-22 00:00:00'),(327,'2018-02-11 00:00:00',24,61,4,'2018-02-19 00:00:00'),(328,'2018-03-10 00:00:00',221,148,5,'2018-03-17 00:00:00'),(329,'2018-04-04 00:00:00',123,43,8,'2018-04-11 00:00:00'),(330,'2018-03-07 00:00:00',22,192,6,'2018-03-10 00:00:00'),(331,'2018-04-20 00:00:00',29,30,5,NULL),(332,'2018-02-09 00:00:00',76,8,5,'2018-02-17 00:00:00'),(333,'2018-01-27 00:00:00',289,22,7,'2018-02-03 00:00:00'),(334,'2018-02-02 00:00:00',28,157,7,'2018-02-08 00:00:00'),(335,'2018-02-03 00:00:00',273,198,3,'2018-02-09 00:00:00'),(336,'2018-04-12 00:00:00',164,154,3,'2018-04-22 00:00:00'),(337,'2018-02-17 00:00:00',16,21,4,'2018-02-19 00:00:00'),(338,'2018-03-17 00:00:00',2,172,4,'2018-03-19 00:00:00'),(339,'2018-02-01 00:00:00',138,79,6,'2018-02-08 00:00:00'),(340,'2018-02-18 00:00:00',18,152,7,'2018-02-27 00:00:00'),(341,'2018-02-02 00:00:00',280,101,7,'2018-02-10 00:00:00'),(342,'2018-01-24 00:00:00',131,105,4,'2018-02-02 00:00:00'),(343,'2018-04-22 00:00:00',125,164,9,NULL),(344,'2018-02-17 00:00:00',170,75,2,'2018-02-20 00:00:00'),(345,'2018-02-19 00:00:00',57,147,2,'2018-02-22 00:00:00'),(346,'2018-03-21 00:00:00',153,191,3,'2018-03-27 00:00:00'),(347,'2018-03-14 00:00:00',291,92,4,'2018-03-20 00:00:00'),(348,'2018-03-07 00:00:00',284,41,3,'2018-03-13 00:00:00'),(349,'2018-03-28 00:00:00',200,122,1,'2018-04-06 00:00:00'),(350,'2018-03-22 00:00:00',106,139,5,'2018-03-29 00:00:00'),(351,'2018-04-18 00:00:00',219,143,4,NULL),(352,'2018-02-17 00:00:00',120,90,1,'2018-02-23 00:00:00'),(353,'2018-03-17 00:00:00',293,31,8,'2018-03-21 00:00:00'),(354,'2018-02-27 00:00:00',128,32,6,'2018-03-06 00:00:00'),(355,'2018-04-14 00:00:00',124,47,9,'2018-04-24 00:00:00'),(356,'2018-01-31 00:00:00',153,194,4,'2018-02-09 00:00:00'),(357,'2018-02-22 00:00:00',51,103,2,'2018-02-28 00:00:00'),(358,'2018-04-14 00:00:00',172,184,9,'2018-04-24 00:00:00'),(359,'2018-02-21 00:00:00',224,91,1,'2018-03-01 00:00:00'),(360,'2018-02-16 00:00:00',289,180,7,'2018-02-23 00:00:00'),(361,'2018-03-17 00:00:00',234,58,2,'2018-03-21 00:00:00'),(362,'2018-03-01 00:00:00',218,106,5,'2018-03-09 00:00:00'),(363,'2018-02-20 00:00:00',122,146,5,'2018-02-23 00:00:00'),(364,'2018-01-24 00:00:00',128,14,2,'2018-01-31 00:00:00'),(365,'2018-04-14 00:00:00',74,60,8,'2018-04-18 00:00:00'),(366,'2018-02-02 00:00:00',106,26,6,'2018-02-06 00:00:00'),(367,'2018-03-07 00:00:00',245,91,8,'2018-03-16 00:00:00'),(368,'2018-04-16 00:00:00',200,159,10,'2018-04-19 00:00:00'),(369,'2018-03-09 00:00:00',161,167,6,'2018-03-16 00:00:00'),(370,'2018-03-25 00:00:00',220,165,9,'2018-04-04 00:00:00'),(371,'2018-04-05 00:00:00',136,125,8,'2018-04-09 00:00:00'),(372,'2018-02-02 00:00:00',156,173,8,'2018-02-06 00:00:00'),(373,'2018-04-05 00:00:00',9,193,8,'2018-04-13 00:00:00'),(374,'2018-02-14 00:00:00',275,129,5,'2018-02-21 00:00:00'),(375,'2018-04-19 00:00:00',207,109,7,NULL),(376,'2018-03-01 00:00:00',154,75,4,'2018-03-03 00:00:00'),(377,'2018-03-12 00:00:00',191,189,8,'2018-03-17 00:00:00'),(378,'2018-03-31 00:00:00',94,24,7,'2018-04-09 00:00:00'),(379,'2018-02-01 00:00:00',46,8,8,'2018-02-08 00:00:00'),(380,'2018-03-07 00:00:00',212,33,7,'2018-03-13 00:00:00'),(381,'2018-02-01 00:00:00',281,16,6,'2018-02-07 00:00:00'),(382,'2018-01-25 00:00:00',86,173,5,'2018-02-03 00:00:00'),(383,'2018-02-12 00:00:00',44,46,7,'2018-02-18 00:00:00'),(384,'2018-02-15 00:00:00',105,113,8,'2018-02-23 00:00:00'),(385,'2018-04-03 00:00:00',30,47,9,'2018-04-11 00:00:00'),(386,'2018-02-25 00:00:00',50,192,4,'2018-03-04 00:00:00'),(387,'2018-02-23 00:00:00',9,183,5,'2018-02-28 00:00:00'),(388,'2018-02-17 00:00:00',178,99,7,'2018-02-20 00:00:00'),(389,'2018-01-29 00:00:00',183,193,10,'2018-02-06 00:00:00'),(390,'2018-04-16 00:00:00',230,129,9,'2018-04-21 00:00:00'),(391,'2018-03-02 00:00:00',126,76,7,'2018-03-06 00:00:00'),(392,'2018-01-24 00:00:00',181,130,5,'2018-01-27 00:00:00'),(393,'2018-04-10 00:00:00',138,73,5,'2018-04-20 00:00:00'),(394,'2018-04-22 00:00:00',23,180,3,NULL),(395,'2018-02-22 00:00:00',221,5,9,'2018-02-28 00:00:00'),(396,'2018-03-21 00:00:00',263,158,4,'2018-03-25 00:00:00'),(397,'2018-04-06 00:00:00',148,85,7,'2018-04-08 00:00:00'),(398,'2018-01-30 00:00:00',298,137,5,'2018-02-07 00:00:00'),(399,'2018-04-10 00:00:00',210,43,10,'2018-04-15 00:00:00'),(400,'2018-03-02 00:00:00',135,183,3,'2018-03-08 00:00:00'),(401,'2018-03-15 00:00:00',50,64,2,'2018-03-21 00:00:00'),(402,'2018-04-13 00:00:00',26,74,6,'2018-04-20 00:00:00'),(403,'2018-02-12 00:00:00',180,84,4,'2018-02-16 00:00:00'),(404,'2018-04-02 00:00:00',209,129,2,'2018-04-06 00:00:00'),(405,'2018-02-18 00:00:00',268,167,5,'2018-02-22 00:00:00'),(406,'2018-01-28 00:00:00',168,190,2,'2018-02-01 00:00:00'),(407,'2018-03-09 00:00:00',41,135,10,'2018-03-14 00:00:00'),(408,'2018-02-12 00:00:00',285,112,9,'2018-02-15 00:00:00'),(409,'2018-01-24 00:00:00',275,10,5,'2018-01-27 00:00:00'),(410,'2018-04-02 00:00:00',49,95,9,'2018-04-10 00:00:00'),(411,'2018-01-28 00:00:00',4,105,6,'2018-01-31 00:00:00'),(412,'2018-03-26 00:00:00',95,3,2,'2018-04-04 00:00:00'),(413,'2018-03-05 00:00:00',106,110,7,'2018-03-10 00:00:00'),(414,'2018-02-08 00:00:00',286,99,6,'2018-02-11 00:00:00'),(415,'2018-03-07 00:00:00',201,158,9,'2018-03-16 00:00:00'),(416,'2018-03-23 00:00:00',137,115,6,'2018-04-01 00:00:00'),(417,'2018-02-28 00:00:00',86,191,9,'2018-03-09 00:00:00'),(418,'2018-02-18 00:00:00',299,101,6,'2018-02-27 00:00:00'),(419,'2018-04-13 00:00:00',153,129,7,'2018-04-23 00:00:00'),(420,'2018-03-07 00:00:00',100,179,5,'2018-03-14 00:00:00'),(421,'2018-03-07 00:00:00',101,106,7,'2018-03-12 00:00:00'),(422,'2018-03-05 00:00:00',224,19,3,'2018-03-14 00:00:00'),(423,'2018-02-11 00:00:00',128,7,9,'2018-02-16 00:00:00'),(424,'2018-03-30 00:00:00',236,155,6,'2018-04-07 00:00:00'),(425,'2018-04-02 00:00:00',168,165,5,'2018-04-09 00:00:00'),(426,'2018-02-15 00:00:00',248,176,9,'2018-02-20 00:00:00'),(427,'2018-04-23 00:00:00',26,153,6,NULL),(428,'2018-03-01 00:00:00',121,60,4,'2018-03-05 00:00:00'),(429,'2018-03-08 00:00:00',32,66,4,'2018-03-16 00:00:00'),(430,'2018-02-27 00:00:00',250,149,3,'2018-03-02 00:00:00'),(431,'2018-01-31 00:00:00',235,39,7,'2018-02-09 00:00:00'),(432,'2018-03-10 00:00:00',186,48,4,'2018-03-17 00:00:00'),(433,'2018-01-28 00:00:00',5,147,7,'2018-02-05 00:00:00'),(434,'2018-02-05 00:00:00',296,198,10,'2018-02-10 00:00:00'),(435,'2018-01-29 00:00:00',291,115,10,'2018-02-06 00:00:00'),(436,'2018-04-19 00:00:00',195,37,10,'2018-04-24 00:00:00'),(437,'2018-03-29 00:00:00',215,9,2,'2018-04-04 00:00:00'),(438,'2018-04-09 00:00:00',189,58,6,'2018-04-16 00:00:00'),(439,'2018-02-08 00:00:00',54,57,9,'2018-02-14 00:00:00'),(440,'2018-03-02 00:00:00',183,46,4,'2018-03-06 00:00:00'),(441,'2018-02-07 00:00:00',269,126,5,'2018-02-11 00:00:00'),(442,'2018-03-17 00:00:00',85,57,6,'2018-03-25 00:00:00'),(443,'2018-01-27 00:00:00',280,33,1,'2018-01-30 00:00:00'),(444,'2018-03-06 00:00:00',210,104,5,'2018-03-13 00:00:00'),(445,'2018-02-02 00:00:00',119,185,5,'2018-02-04 00:00:00'),(446,'2018-03-16 00:00:00',212,29,6,'2018-03-24 00:00:00'),(447,'2018-03-09 00:00:00',134,169,9,'2018-03-17 00:00:00'),(448,'2018-02-05 00:00:00',264,64,9,'2018-02-13 00:00:00'),(449,'2018-02-19 00:00:00',176,142,8,'2018-02-27 00:00:00'),(450,'2018-02-11 00:00:00',232,193,6,'2018-02-18 00:00:00'),(451,'2018-03-15 00:00:00',109,40,9,'2018-03-21 00:00:00'),(452,'2018-01-28 00:00:00',80,53,5,'2018-01-30 00:00:00'),(453,'2018-02-18 00:00:00',111,103,5,'2018-02-21 00:00:00'),(454,'2018-02-10 00:00:00',206,114,8,'2018-02-17 00:00:00'),(455,'2018-04-07 00:00:00',87,149,9,'2018-04-14 00:00:00'),(456,'2018-04-21 00:00:00',203,147,7,NULL),(457,'2018-04-19 00:00:00',90,124,3,'2018-04-23 00:00:00'),(458,'2018-04-10 00:00:00',95,23,6,'2018-04-13 00:00:00'),(459,'2018-04-15 00:00:00',59,21,9,'2018-04-19 00:00:00'),(460,'2018-03-31 00:00:00',282,16,6,'2018-04-06 00:00:00'),(461,'2018-03-05 00:00:00',221,92,2,'2018-03-08 00:00:00'),(462,'2018-04-22 00:00:00',4,126,2,NULL),(463,'2018-02-23 00:00:00',14,39,8,'2018-02-25 00:00:00'),(464,'2018-03-10 00:00:00',232,140,3,'2018-03-12 00:00:00'),(465,'2018-02-14 00:00:00',84,89,4,'2018-02-19 00:00:00'),(466,'2018-03-01 00:00:00',123,103,4,'2018-03-10 00:00:00'),(467,'2018-04-08 00:00:00',156,38,4,'2018-04-16 00:00:00'),(468,'2018-03-25 00:00:00',154,14,8,'2018-03-31 00:00:00'),(469,'2018-02-11 00:00:00',138,119,6,'2018-02-18 00:00:00'),(470,'2018-04-11 00:00:00',64,58,8,'2018-04-20 00:00:00'),(471,'2018-02-15 00:00:00',291,102,7,'2018-02-21 00:00:00'),(472,'2018-02-24 00:00:00',255,34,4,'2018-03-01 00:00:00'),(473,'2018-01-31 00:00:00',287,112,9,'2018-02-08 00:00:00'),(474,'2018-02-02 00:00:00',15,197,8,'2018-02-10 00:00:00'),(475,'2018-01-25 00:00:00',269,155,3,'2018-02-01 00:00:00'),(476,'2018-03-07 00:00:00',18,180,4,'2018-03-10 00:00:00'),(477,'2018-01-25 00:00:00',199,106,7,'2018-02-03 00:00:00'),(478,'2018-02-18 00:00:00',257,95,8,'2018-02-25 00:00:00'),(479,'2018-03-05 00:00:00',95,77,10,'2018-03-10 00:00:00'),(480,'2018-02-24 00:00:00',7,181,5,'2018-03-01 00:00:00'),(481,'2018-02-28 00:00:00',115,198,8,'2018-03-07 00:00:00'),(482,'2018-04-19 00:00:00',263,196,4,NULL),(483,'2018-03-13 00:00:00',250,169,7,'2018-03-19 00:00:00'),(484,'2018-04-17 00:00:00',185,119,2,'2018-04-20 00:00:00'),(485,'2018-02-09 00:00:00',59,157,4,'2018-02-17 00:00:00'),(486,'2018-03-29 00:00:00',121,130,1,'2018-04-04 00:00:00'),(487,'2018-03-12 00:00:00',144,171,8,'2018-03-15 00:00:00'),(488,'2018-03-01 00:00:00',213,10,2,'2018-03-07 00:00:00'),(489,'2018-03-26 00:00:00',175,199,3,'2018-03-30 00:00:00'),(490,'2018-04-07 00:00:00',143,153,5,'2018-04-11 00:00:00'),(491,'2018-01-31 00:00:00',295,96,5,'2018-02-03 00:00:00'),(492,'2018-02-19 00:00:00',43,188,4,'2018-02-23 00:00:00'),(493,'2018-03-02 00:00:00',178,151,1,'2018-03-05 00:00:00'),(494,'2018-02-16 00:00:00',59,185,1,'2018-02-23 00:00:00'),(495,'2018-03-11 00:00:00',259,104,1,'2018-03-15 00:00:00'),(496,'2018-03-11 00:00:00',145,52,8,'2018-03-16 00:00:00'),(497,'2018-02-02 00:00:00',175,108,9,'2018-02-08 00:00:00'),(498,'2018-04-15 00:00:00',276,136,7,'2018-04-22 00:00:00'),(499,'2018-04-09 00:00:00',237,81,7,'2018-04-18 00:00:00'),(500,'2018-01-29 00:00:00',131,122,8,'2018-02-07 00:00:00'),(501,'2018-03-11 00:00:00',51,133,8,'2018-03-19 00:00:00'),(502,'2018-04-14 00:00:00',261,51,7,'2018-04-16 00:00:00'),(503,'2018-03-10 00:00:00',44,30,4,'2018-03-16 00:00:00'),(504,'2018-04-20 00:00:00',114,198,8,'2018-04-24 00:00:00'),(505,'2018-04-08 00:00:00',54,177,9,'2018-04-13 00:00:00'),(506,'2018-02-12 00:00:00',295,23,6,'2018-02-16 00:00:00'),(507,'2018-02-24 00:00:00',108,81,9,'2018-03-02 00:00:00'),(508,'2018-03-11 00:00:00',155,161,5,'2018-03-18 00:00:00'),(509,'2018-01-25 00:00:00',173,70,1,'2018-01-31 00:00:00'),(510,'2018-04-09 00:00:00',179,106,9,'2018-04-18 00:00:00'),(511,'2018-04-04 00:00:00',47,21,1,'2018-04-10 00:00:00'),(512,'2018-02-04 00:00:00',217,161,9,'2018-02-08 00:00:00'),(513,'2018-02-07 00:00:00',231,173,1,'2018-02-14 00:00:00'),(514,'2018-03-08 00:00:00',299,91,4,'2018-03-14 00:00:00'),(515,'2018-04-20 00:00:00',152,115,4,NULL),(516,'2018-01-25 00:00:00',193,89,4,'2018-02-03 00:00:00'),(517,'2018-04-16 00:00:00',128,108,5,'2018-04-22 00:00:00'),(518,'2018-03-12 00:00:00',34,49,9,'2018-03-15 00:00:00'),(519,'2018-02-22 00:00:00',210,52,3,'2018-03-02 00:00:00'),(520,'2018-02-23 00:00:00',38,71,5,'2018-02-28 00:00:00'),(521,'2018-01-31 00:00:00',122,144,4,'2018-02-05 00:00:00'),(522,'2018-02-18 00:00:00',35,43,7,'2018-02-24 00:00:00'),(523,'2018-01-27 00:00:00',164,130,6,'2018-02-04 00:00:00'),(524,'2018-04-16 00:00:00',220,175,2,'2018-04-23 00:00:00'),(525,'2018-04-05 00:00:00',13,122,9,'2018-04-11 00:00:00'),(526,'2018-02-16 00:00:00',200,80,10,'2018-02-26 00:00:00'),(527,'2018-02-07 00:00:00',246,175,9,'2018-02-10 00:00:00'),(528,'2018-01-28 00:00:00',99,105,7,'2018-01-30 00:00:00'),(529,'2018-03-03 00:00:00',79,62,8,'2018-03-13 00:00:00'),(530,'2018-02-10 00:00:00',204,185,6,'2018-02-19 00:00:00'),(531,'2018-04-09 00:00:00',223,115,7,'2018-04-11 00:00:00'),(532,'2018-03-14 00:00:00',113,169,2,'2018-03-19 00:00:00'),(533,'2018-01-27 00:00:00',228,41,8,'2018-02-02 00:00:00'),(534,'2018-04-19 00:00:00',294,167,3,'2018-04-21 00:00:00'),(535,'2018-02-22 00:00:00',75,58,7,'2018-03-01 00:00:00'),(536,'2018-03-06 00:00:00',206,89,2,'2018-03-13 00:00:00'),(537,'2018-03-15 00:00:00',126,168,10,'2018-03-23 00:00:00'),(538,'2018-04-02 00:00:00',252,56,9,'2018-04-06 00:00:00'),(539,'2018-03-13 00:00:00',97,76,9,'2018-03-21 00:00:00'),(540,'2018-03-11 00:00:00',237,1,7,'2018-03-18 00:00:00'),(541,'2018-04-05 00:00:00',271,41,4,'2018-04-08 00:00:00'),(542,'2018-02-03 00:00:00',37,185,3,'2018-02-09 00:00:00'),(543,'2018-03-08 00:00:00',176,87,5,'2018-03-17 00:00:00'),(544,'2018-02-13 00:00:00',279,138,7,'2018-02-20 00:00:00'),(545,'2018-04-05 00:00:00',222,96,3,'2018-04-08 00:00:00'),(546,'2018-03-14 00:00:00',79,28,9,'2018-03-22 00:00:00'),(547,'2018-04-18 00:00:00',238,40,6,NULL),(548,'2018-03-16 00:00:00',112,173,3,'2018-03-21 00:00:00'),(549,'2018-03-14 00:00:00',255,65,2,'2018-03-21 00:00:00'),(550,'2018-03-25 00:00:00',112,89,2,'2018-03-31 00:00:00'),(551,'2018-04-09 00:00:00',285,60,7,'2018-04-15 00:00:00'),(552,'2018-03-31 00:00:00',57,154,4,'2018-04-05 00:00:00'),(553,'2018-04-13 00:00:00',60,172,7,'2018-04-21 00:00:00'),(554,'2018-01-25 00:00:00',285,81,3,'2018-02-02 00:00:00'),(555,'2018-02-25 00:00:00',162,125,5,'2018-03-05 00:00:00'),(556,'2018-03-01 00:00:00',204,184,6,'2018-03-07 00:00:00'),(557,'2018-04-19 00:00:00',148,178,10,NULL),(558,'2018-04-02 00:00:00',151,156,5,'2018-04-06 00:00:00'),(559,'2018-02-24 00:00:00',93,77,10,'2018-02-26 00:00:00'),(560,'2018-02-15 00:00:00',279,27,9,'2018-02-24 00:00:00'),(561,'2018-02-01 00:00:00',42,152,4,'2018-02-11 00:00:00'),(562,'2018-02-23 00:00:00',235,90,9,'2018-02-26 00:00:00'),(563,'2018-04-10 00:00:00',232,147,4,'2018-04-12 00:00:00'),(564,'2018-03-04 00:00:00',46,90,8,'2018-03-12 00:00:00'),(565,'2018-03-07 00:00:00',292,187,8,'2018-03-11 00:00:00'),(566,'2018-01-27 00:00:00',290,25,7,'2018-02-03 00:00:00'),(567,'2018-03-20 00:00:00',5,72,8,'2018-03-24 00:00:00'),(568,'2018-02-22 00:00:00',197,172,4,'2018-02-25 00:00:00'),(569,'2018-04-16 00:00:00',250,184,2,'2018-04-21 00:00:00'),(570,'2018-02-20 00:00:00',17,115,7,'2018-02-24 00:00:00'),(571,'2018-02-13 00:00:00',169,96,7,'2018-02-21 00:00:00'),(572,'2018-04-18 00:00:00',246,101,1,'2018-04-22 00:00:00'),(573,'2018-02-15 00:00:00',204,129,3,'2018-02-22 00:00:00'),(574,'2018-01-24 00:00:00',38,70,4,'2018-01-29 00:00:00'),(575,'2018-02-14 00:00:00',136,4,7,'2018-02-22 00:00:00'),(576,'2018-03-09 00:00:00',148,51,8,'2018-03-14 00:00:00'),(577,'2018-04-04 00:00:00',241,189,4,'2018-04-12 00:00:00'),(578,'2018-04-15 00:00:00',30,174,2,'2018-04-24 00:00:00'),(579,'2018-02-22 00:00:00',278,13,6,'2018-02-26 00:00:00'),(580,'2018-03-10 00:00:00',231,62,3,'2018-03-19 00:00:00'),(581,'2018-04-05 00:00:00',31,96,2,'2018-04-10 00:00:00'),(582,'2018-01-25 00:00:00',140,55,10,'2018-02-01 00:00:00'),(583,'2018-04-21 00:00:00',5,83,1,NULL),(584,'2018-02-07 00:00:00',107,48,2,'2018-02-10 00:00:00'),(585,'2018-02-01 00:00:00',34,11,9,'2018-02-04 00:00:00'),(586,'2018-03-17 00:00:00',171,150,1,'2018-03-22 00:00:00'),(587,'2018-01-31 00:00:00',242,97,10,'2018-02-06 00:00:00'),(588,'2018-03-06 00:00:00',282,113,10,'2018-03-14 00:00:00'),(589,'2018-03-30 00:00:00',46,115,5,'2018-04-04 00:00:00'),(590,'2018-03-23 00:00:00',127,125,9,'2018-03-29 00:00:00'),(591,'2018-03-17 00:00:00',93,2,2,'2018-03-23 00:00:00'),(592,'2018-03-12 00:00:00',258,30,2,'2018-03-14 00:00:00'),(593,'2018-03-27 00:00:00',133,199,7,'2018-03-30 00:00:00'),(594,'2018-03-27 00:00:00',251,106,2,'2018-04-02 00:00:00'),(595,'2018-04-14 00:00:00',27,42,8,'2018-04-17 00:00:00'),(596,'2018-04-03 00:00:00',96,41,1,'2018-04-11 00:00:00'),(597,'2018-02-25 00:00:00',97,95,5,'2018-02-27 00:00:00'),(598,'2018-02-13 00:00:00',42,2,6,'2018-02-22 00:00:00'),(599,'2018-04-20 00:00:00',171,170,6,NULL),(600,'2018-04-12 00:00:00',186,22,7,'2018-04-22 00:00:00'),(601,'2018-04-14 00:00:00',267,28,1,'2018-04-19 00:00:00'),(602,'2018-02-24 00:00:00',23,153,6,'2018-02-28 00:00:00'),(603,'2018-02-23 00:00:00',202,155,9,'2018-03-01 00:00:00'),(604,'2018-01-28 00:00:00',67,90,6,'2018-02-01 00:00:00'),(605,'2018-03-10 00:00:00',92,51,4,'2018-03-18 00:00:00'),(606,'2018-01-26 00:00:00',124,89,10,'2018-02-04 00:00:00'),(607,'2018-03-09 00:00:00',211,75,8,'2018-03-11 00:00:00'),(608,'2018-02-19 00:00:00',123,104,4,'2018-02-25 00:00:00'),(609,'2018-04-01 00:00:00',34,7,8,'2018-04-04 00:00:00'),(610,'2018-04-16 00:00:00',236,182,3,'2018-04-18 00:00:00'),(611,'2018-04-02 00:00:00',91,141,6,'2018-04-09 00:00:00'),(612,'2018-02-01 00:00:00',10,179,4,'2018-02-09 00:00:00'),(613,'2018-04-04 00:00:00',25,112,6,'2018-04-14 00:00:00'),(614,'2018-04-13 00:00:00',53,33,4,'2018-04-22 00:00:00'),(615,'2018-01-30 00:00:00',76,167,5,'2018-02-07 00:00:00'),(616,'2018-03-08 00:00:00',121,165,9,'2018-03-13 00:00:00'),(617,'2018-04-11 00:00:00',35,173,10,'2018-04-20 00:00:00'),(618,'2018-03-31 00:00:00',257,22,10,'2018-04-08 00:00:00'),(619,'2018-03-08 00:00:00',252,34,4,'2018-03-15 00:00:00'),(620,'2018-04-18 00:00:00',176,175,6,'2018-04-23 00:00:00'),(621,'2018-03-17 00:00:00',16,94,3,'2018-03-21 00:00:00'),(622,'2018-03-09 00:00:00',125,24,4,'2018-03-19 00:00:00'),(623,'2018-04-12 00:00:00',245,31,4,'2018-04-19 00:00:00'),(624,'2018-04-10 00:00:00',111,111,7,'2018-04-18 00:00:00'),(625,'2018-02-23 00:00:00',212,103,5,'2018-02-28 00:00:00'),(626,'2018-03-23 00:00:00',165,116,3,'2018-03-31 00:00:00'),(627,'2018-03-09 00:00:00',131,160,7,'2018-03-17 00:00:00'),(628,'2018-04-18 00:00:00',288,23,7,'2018-04-22 00:00:00'),(629,'2018-04-18 00:00:00',8,82,10,'2018-04-22 00:00:00'),(630,'2018-02-25 00:00:00',169,183,9,'2018-03-01 00:00:00'),(631,'2018-02-20 00:00:00',275,38,3,'2018-02-28 00:00:00'),(632,'2018-03-24 00:00:00',230,71,5,'2018-03-27 00:00:00'),(633,'2018-03-26 00:00:00',252,145,2,'2018-03-29 00:00:00'),(634,'2018-03-26 00:00:00',124,52,1,'2018-03-30 00:00:00'),(635,'2018-03-17 00:00:00',167,181,9,'2018-03-27 00:00:00'),(636,'2018-03-07 00:00:00',279,67,9,'2018-03-10 00:00:00'),(637,'2018-03-22 00:00:00',264,164,5,'2018-03-26 00:00:00'),(638,'2018-02-06 00:00:00',229,46,9,'2018-02-15 00:00:00'),(639,'2018-02-10 00:00:00',268,55,7,'2018-02-13 00:00:00'),(640,'2018-02-18 00:00:00',118,166,10,'2018-02-26 00:00:00'),(641,'2018-03-25 00:00:00',210,58,4,'2018-04-02 00:00:00'),(642,'2018-02-06 00:00:00',179,58,7,'2018-02-10 00:00:00'),(643,'2018-03-24 00:00:00',263,11,7,'2018-04-01 00:00:00'),(644,'2018-01-27 00:00:00',292,187,8,'2018-02-06 00:00:00'),(645,'2018-03-22 00:00:00',199,15,4,'2018-03-30 00:00:00'),(646,'2018-03-02 00:00:00',172,53,6,'2018-03-11 00:00:00'),(647,'2018-04-07 00:00:00',37,42,7,'2018-04-10 00:00:00'),(648,'2018-02-04 00:00:00',299,44,2,'2018-02-13 00:00:00'),(649,'2018-02-13 00:00:00',234,8,9,'2018-02-20 00:00:00'),(650,'2018-04-12 00:00:00',287,118,2,'2018-04-15 00:00:00'),(651,'2018-02-11 00:00:00',229,23,3,'2018-02-15 00:00:00'),(652,'2018-01-25 00:00:00',217,41,9,'2018-01-28 00:00:00'),(653,'2018-02-27 00:00:00',282,6,4,'2018-03-05 00:00:00'),(654,'2018-03-16 00:00:00',242,77,5,'2018-03-20 00:00:00'),(655,'2018-03-28 00:00:00',49,156,5,'2018-03-30 00:00:00'),(656,'2018-02-22 00:00:00',273,197,3,'2018-02-26 00:00:00'),(657,'2018-01-27 00:00:00',159,156,4,'2018-01-31 00:00:00'),(658,'2018-04-05 00:00:00',280,68,9,'2018-04-08 00:00:00'),(659,'2018-03-18 00:00:00',179,180,7,'2018-03-23 00:00:00'),(660,'2018-02-10 00:00:00',67,65,10,'2018-02-19 00:00:00'),(661,'2018-02-14 00:00:00',210,99,4,'2018-02-16 00:00:00'),(662,'2018-03-27 00:00:00',134,160,7,'2018-04-02 00:00:00'),(663,'2018-01-30 00:00:00',185,6,3,'2018-02-06 00:00:00'),(664,'2018-03-27 00:00:00',165,133,7,'2018-04-04 00:00:00'),(665,'2018-03-23 00:00:00',191,193,9,'2018-03-31 00:00:00'),(666,'2018-02-16 00:00:00',103,194,8,'2018-02-25 00:00:00'),(667,'2018-04-04 00:00:00',81,121,3,'2018-04-11 00:00:00'),(668,'2018-03-31 00:00:00',150,105,2,'2018-04-07 00:00:00'),(669,'2018-04-18 00:00:00',126,66,4,NULL),(670,'2018-02-01 00:00:00',105,98,5,'2018-02-06 00:00:00'),(671,'2018-04-07 00:00:00',154,184,2,'2018-04-11 00:00:00'),(672,'2018-03-04 00:00:00',108,192,8,'2018-03-11 00:00:00'),(673,'2018-02-09 00:00:00',280,7,4,'2018-02-18 00:00:00'),(674,'2018-02-26 00:00:00',229,83,8,'2018-03-01 00:00:00'),(675,'2018-02-21 00:00:00',63,179,9,'2018-02-23 00:00:00'),(676,'2018-03-08 00:00:00',236,144,3,'2018-03-11 00:00:00'),(677,'2018-04-16 00:00:00',34,108,4,'2018-04-23 00:00:00'),(678,'2018-03-27 00:00:00',21,190,6,'2018-04-04 00:00:00'),(679,'2018-01-30 00:00:00',48,163,6,'2018-02-09 00:00:00'),(680,'2018-04-18 00:00:00',286,57,6,NULL),(681,'2018-01-30 00:00:00',29,110,5,'2018-02-09 00:00:00'),(682,'2018-02-26 00:00:00',22,195,7,'2018-03-06 00:00:00'),(683,'2018-03-24 00:00:00',199,21,6,'2018-04-01 00:00:00'),(684,'2018-03-26 00:00:00',34,104,3,'2018-03-28 00:00:00'),(685,'2018-02-19 00:00:00',264,198,4,'2018-02-27 00:00:00'),(686,'2018-02-28 00:00:00',206,24,6,'2018-03-03 00:00:00'),(687,'2018-04-17 00:00:00',242,6,7,'2018-04-19 00:00:00'),(688,'2018-04-08 00:00:00',158,84,6,'2018-04-13 00:00:00'),(689,'2018-03-24 00:00:00',193,164,3,'2018-03-27 00:00:00'),(690,'2018-03-18 00:00:00',61,113,3,'2018-03-24 00:00:00'),(691,'2018-03-24 00:00:00',83,41,3,'2018-03-26 00:00:00'),(692,'2018-03-23 00:00:00',262,161,5,'2018-03-26 00:00:00'),(693,'2018-03-19 00:00:00',138,141,2,'2018-03-25 00:00:00'),(694,'2018-02-28 00:00:00',88,116,1,'2018-03-07 00:00:00'),(695,'2018-03-25 00:00:00',20,97,3,'2018-04-01 00:00:00'),(696,'2018-01-27 00:00:00',12,44,10,'2018-02-06 00:00:00'),(697,'2018-04-04 00:00:00',64,107,1,'2018-04-07 00:00:00'),(698,'2018-03-01 00:00:00',167,33,2,'2018-03-10 00:00:00'),(699,'2018-03-28 00:00:00',186,41,2,'2018-04-01 00:00:00'),(700,'2018-04-08 00:00:00',136,17,1,'2018-04-13 00:00:00'),(701,'2018-04-23 00:00:00',90,183,7,NULL),(702,'2018-02-28 00:00:00',81,58,7,'2018-03-02 00:00:00'),(703,'2018-03-25 00:00:00',199,26,7,'2018-04-02 00:00:00'),(704,'2018-02-10 00:00:00',73,160,3,'2018-02-13 00:00:00'),(705,'2018-01-25 00:00:00',154,57,9,'2018-01-28 00:00:00'),(706,'2018-03-05 00:00:00',241,152,4,'2018-03-08 00:00:00'),(707,'2018-02-28 00:00:00',240,45,7,'2018-03-09 00:00:00'),(708,'2018-02-04 00:00:00',193,90,4,'2018-02-08 00:00:00'),(709,'2018-04-03 00:00:00',89,178,6,'2018-04-07 00:00:00'),(710,'2018-04-07 00:00:00',89,195,10,'2018-04-10 00:00:00'),(711,'2018-04-18 00:00:00',59,33,3,'2018-04-22 00:00:00'),(712,'2018-02-27 00:00:00',99,65,7,'2018-03-04 00:00:00'),(713,'2018-04-06 00:00:00',243,163,7,'2018-04-09 00:00:00'),(714,'2018-02-19 00:00:00',46,157,5,'2018-02-26 00:00:00'),(715,'2018-01-25 00:00:00',219,7,10,'2018-01-31 00:00:00'),(716,'2018-02-21 00:00:00',217,190,6,'2018-02-27 00:00:00'),(717,'2018-04-14 00:00:00',85,53,5,'2018-04-22 00:00:00'),(718,'2018-03-08 00:00:00',118,80,8,'2018-03-11 00:00:00'),(719,'2018-02-08 00:00:00',100,72,8,'2018-02-16 00:00:00'),(720,'2018-02-07 00:00:00',264,149,2,'2018-02-16 00:00:00'),(721,'2018-04-10 00:00:00',37,14,10,'2018-04-16 00:00:00'),(722,'2018-02-28 00:00:00',287,65,8,'2018-03-03 00:00:00'),(723,'2018-02-21 00:00:00',22,138,3,'2018-02-25 00:00:00'),(724,'2018-04-21 00:00:00',93,23,7,NULL),(725,'2018-02-07 00:00:00',300,17,5,'2018-02-11 00:00:00'),(726,'2018-02-12 00:00:00',37,106,4,'2018-02-20 00:00:00'),(727,'2018-02-08 00:00:00',278,158,3,'2018-02-12 00:00:00'),(728,'2018-03-12 00:00:00',228,62,3,'2018-03-21 00:00:00'),(729,'2018-03-23 00:00:00',280,136,6,'2018-04-02 00:00:00'),(730,'2018-02-03 00:00:00',220,127,10,'2018-02-10 00:00:00'),(731,'2018-02-02 00:00:00',134,69,4,'2018-02-09 00:00:00'),(732,'2018-02-13 00:00:00',227,65,4,'2018-02-22 00:00:00'),(733,'2018-02-15 00:00:00',138,13,9,'2018-02-23 00:00:00'),(734,'2018-03-16 00:00:00',193,12,4,'2018-03-21 00:00:00'),(735,'2018-04-04 00:00:00',67,198,4,'2018-04-09 00:00:00'),(736,'2018-03-13 00:00:00',280,55,6,'2018-03-19 00:00:00'),(737,'2018-01-31 00:00:00',21,88,10,'2018-02-10 00:00:00'),(738,'2018-02-28 00:00:00',197,198,10,'2018-03-03 00:00:00'),(739,'2018-04-22 00:00:00',279,133,6,NULL),(740,'2018-02-20 00:00:00',102,7,2,'2018-03-01 00:00:00'),(741,'2018-03-02 00:00:00',227,57,2,'2018-03-08 00:00:00'),(742,'2018-02-06 00:00:00',225,30,5,'2018-02-15 00:00:00'),(743,'2018-04-22 00:00:00',278,172,6,NULL),(744,'2018-04-13 00:00:00',68,36,3,'2018-04-18 00:00:00'),(745,'2018-03-04 00:00:00',14,156,8,'2018-03-07 00:00:00'),(746,'2018-03-10 00:00:00',90,8,4,'2018-03-13 00:00:00'),(747,'2018-03-26 00:00:00',10,34,8,'2018-04-05 00:00:00'),(748,'2018-04-06 00:00:00',15,15,3,'2018-04-14 00:00:00'),(749,'2018-02-07 00:00:00',124,58,3,'2018-02-14 00:00:00'),(750,'2018-04-12 00:00:00',257,29,2,'2018-04-14 00:00:00'),(751,'2018-03-31 00:00:00',163,27,1,'2018-04-09 00:00:00'),(752,'2018-04-21 00:00:00',137,31,5,NULL),(753,'2018-03-07 00:00:00',213,33,7,'2018-03-13 00:00:00'),(754,'2018-01-28 00:00:00',225,114,6,'2018-02-05 00:00:00'),(755,'2018-03-30 00:00:00',300,64,6,'2018-04-05 00:00:00'),(756,'2018-01-31 00:00:00',191,109,8,'2018-02-09 00:00:00'),(757,'2018-03-20 00:00:00',120,94,2,'2018-03-26 00:00:00'),(758,'2018-03-27 00:00:00',175,123,4,'2018-03-30 00:00:00'),(759,'2018-01-27 00:00:00',204,51,3,'2018-02-04 00:00:00'),(760,'2018-03-22 00:00:00',156,48,7,'2018-03-25 00:00:00'),(761,'2018-03-20 00:00:00',64,167,6,'2018-03-23 00:00:00'),(762,'2018-04-05 00:00:00',119,153,7,'2018-04-10 00:00:00'),(763,'2018-01-31 00:00:00',204,65,6,'2018-02-08 00:00:00'),(764,'2018-01-30 00:00:00',84,148,9,'2018-02-03 00:00:00'),(765,'2018-01-25 00:00:00',177,165,4,'2018-02-02 00:00:00'),(766,'2018-03-30 00:00:00',213,127,1,'2018-04-03 00:00:00'),(767,'2018-04-10 00:00:00',171,128,5,'2018-04-15 00:00:00'),(768,'2018-03-12 00:00:00',58,40,5,'2018-03-21 00:00:00'),(769,'2018-03-01 00:00:00',127,157,7,'2018-03-07 00:00:00'),(770,'2018-02-26 00:00:00',215,165,10,'2018-03-07 00:00:00'),(771,'2018-03-20 00:00:00',270,93,6,'2018-03-22 00:00:00'),(772,'2018-02-24 00:00:00',90,27,8,'2018-03-02 00:00:00'),(773,'2018-03-19 00:00:00',87,73,10,'2018-03-27 00:00:00'),(774,'2018-02-22 00:00:00',167,46,5,'2018-02-28 00:00:00'),(775,'2018-02-20 00:00:00',41,109,4,'2018-02-22 00:00:00'),(776,'2018-01-30 00:00:00',227,131,1,'2018-02-07 00:00:00'),(777,'2018-04-16 00:00:00',163,131,7,'2018-04-21 00:00:00'),(778,'2018-04-05 00:00:00',4,135,4,'2018-04-08 00:00:00'),(779,'2018-02-24 00:00:00',77,112,1,'2018-02-28 00:00:00'),(780,'2018-03-13 00:00:00',187,104,7,'2018-03-17 00:00:00'),(781,'2018-04-18 00:00:00',94,55,5,'2018-04-21 00:00:00'),(782,'2018-03-26 00:00:00',154,138,9,'2018-03-30 00:00:00'),(783,'2018-03-10 00:00:00',45,112,4,'2018-03-18 00:00:00'),(784,'2018-04-12 00:00:00',75,135,7,'2018-04-18 00:00:00'),(785,'2018-04-17 00:00:00',58,104,1,'2018-04-23 00:00:00'),(786,'2018-02-05 00:00:00',10,157,8,'2018-02-08 00:00:00'),(787,'2018-02-15 00:00:00',87,101,7,'2018-02-19 00:00:00'),(788,'2018-02-14 00:00:00',270,197,3,'2018-02-23 00:00:00'),(789,'2018-04-02 00:00:00',205,195,8,'2018-04-08 00:00:00'),(790,'2018-04-06 00:00:00',259,171,7,'2018-04-12 00:00:00'),(791,'2018-02-07 00:00:00',114,68,6,'2018-02-10 00:00:00'),(792,'2018-02-11 00:00:00',21,92,2,'2018-02-15 00:00:00'),(793,'2018-04-12 00:00:00',37,143,3,'2018-04-16 00:00:00'),(794,'2018-04-18 00:00:00',150,179,10,'2018-04-24 00:00:00'),(795,'2018-04-08 00:00:00',71,64,9,'2018-04-18 00:00:00'),(796,'2018-03-11 00:00:00',69,187,10,'2018-03-19 00:00:00'),(797,'2018-04-10 00:00:00',91,54,5,'2018-04-18 00:00:00'),(798,'2018-03-24 00:00:00',291,133,5,'2018-03-29 00:00:00'),(799,'2018-04-17 00:00:00',78,4,4,'2018-04-20 00:00:00'),(800,'2018-03-25 00:00:00',173,151,1,'2018-04-02 00:00:00'),(801,'2018-01-27 00:00:00',149,89,7,'2018-02-03 00:00:00'),(802,'2018-03-30 00:00:00',61,79,4,'2018-04-03 00:00:00'),(803,'2018-03-01 00:00:00',266,125,5,'2018-03-10 00:00:00'),(804,'2018-03-21 00:00:00',129,123,8,'2018-03-27 00:00:00'),(805,'2018-04-22 00:00:00',46,9,8,NULL),(806,'2018-03-02 00:00:00',208,79,9,'2018-03-09 00:00:00'),(807,'2018-02-12 00:00:00',34,137,2,'2018-02-16 00:00:00'),(808,'2018-03-07 00:00:00',89,31,9,'2018-03-15 00:00:00'),(809,'2018-03-26 00:00:00',240,109,4,'2018-03-29 00:00:00'),(810,'2018-01-29 00:00:00',47,74,4,'2018-02-06 00:00:00'),(811,'2018-02-12 00:00:00',214,22,5,'2018-02-21 00:00:00'),(812,'2018-04-02 00:00:00',299,153,8,'2018-04-10 00:00:00'),(813,'2018-04-22 00:00:00',165,200,4,NULL),(814,'2018-04-08 00:00:00',247,105,2,'2018-04-17 00:00:00'),(815,'2018-02-10 00:00:00',64,133,7,'2018-02-13 00:00:00'),(816,'2018-03-06 00:00:00',268,154,2,'2018-03-15 00:00:00'),(817,'2018-03-06 00:00:00',167,17,8,'2018-03-10 00:00:00'),(818,'2018-03-14 00:00:00',256,28,2,'2018-03-16 00:00:00'),(819,'2018-04-06 00:00:00',99,182,6,'2018-04-13 00:00:00'),(820,'2018-04-16 00:00:00',103,113,8,'2018-04-24 00:00:00'),(821,'2018-04-02 00:00:00',115,91,2,'2018-04-11 00:00:00'),(822,'2018-03-29 00:00:00',90,82,2,'2018-03-31 00:00:00'),(823,'2018-02-12 00:00:00',271,71,1,'2018-02-14 00:00:00'),(824,'2018-04-09 00:00:00',244,21,1,'2018-04-16 00:00:00'),(825,'2018-01-26 00:00:00',174,160,3,'2018-02-03 00:00:00'),(826,'2018-03-04 00:00:00',267,62,9,'2018-03-12 00:00:00'),(827,'2018-03-18 00:00:00',253,198,5,'2018-03-23 00:00:00'),(828,'2018-04-13 00:00:00',98,124,2,'2018-04-18 00:00:00'),(829,'2018-02-21 00:00:00',175,104,9,'2018-02-24 00:00:00'),(830,'2018-02-21 00:00:00',80,148,9,'2018-03-02 00:00:00'),(831,'2018-04-02 00:00:00',263,166,6,'2018-04-08 00:00:00'),(832,'2018-04-11 00:00:00',54,106,2,'2018-04-14 00:00:00'),(833,'2018-01-26 00:00:00',249,99,10,'2018-02-01 00:00:00'),(834,'2018-03-18 00:00:00',47,112,4,'2018-03-21 00:00:00'),(835,'2018-01-28 00:00:00',58,104,1,'2018-02-06 00:00:00'),(836,'2018-03-09 00:00:00',290,68,8,'2018-03-15 00:00:00'),(837,'2018-01-27 00:00:00',88,30,9,'2018-02-02 00:00:00'),(838,'2018-02-06 00:00:00',245,13,9,'2018-02-13 00:00:00'),(839,'2018-04-14 00:00:00',111,9,2,'2018-04-23 00:00:00'),(840,'2018-03-23 00:00:00',94,29,8,'2018-03-29 00:00:00'),(841,'2018-03-13 00:00:00',114,10,2,'2018-03-23 00:00:00'),(842,'2018-03-22 00:00:00',105,59,5,'2018-03-28 00:00:00'),(843,'2018-04-09 00:00:00',100,196,9,'2018-04-15 00:00:00'),(844,'2018-03-04 00:00:00',269,27,10,'2018-03-07 00:00:00'),(845,'2018-03-19 00:00:00',111,101,5,'2018-03-22 00:00:00'),(846,'2018-03-09 00:00:00',31,108,4,'2018-03-14 00:00:00'),(847,'2018-03-26 00:00:00',55,125,6,'2018-03-31 00:00:00'),(848,'2018-01-26 00:00:00',50,155,4,'2018-01-28 00:00:00'),(849,'2018-03-03 00:00:00',250,10,7,'2018-03-11 00:00:00'),(850,'2018-03-12 00:00:00',176,66,9,'2018-03-16 00:00:00'),(851,'2018-03-18 00:00:00',223,109,5,'2018-03-23 00:00:00'),(852,'2018-02-14 00:00:00',208,53,3,'2018-02-19 00:00:00'),(853,'2018-03-20 00:00:00',258,142,10,'2018-03-24 00:00:00'),(854,'2018-02-22 00:00:00',136,74,5,'2018-02-26 00:00:00'),(855,'2018-04-22 00:00:00',247,81,6,NULL),(856,'2018-03-12 00:00:00',91,58,6,'2018-03-20 00:00:00'),(857,'2018-02-17 00:00:00',125,140,3,'2018-02-20 00:00:00'),(858,'2018-04-10 00:00:00',176,180,8,'2018-04-12 00:00:00'),(859,'2018-04-18 00:00:00',273,101,8,'2018-04-20 00:00:00'),(860,'2018-03-20 00:00:00',244,56,10,'2018-03-27 00:00:00'),(861,'2018-02-01 00:00:00',258,29,2,'2018-02-09 00:00:00'),(862,'2018-04-08 00:00:00',8,118,9,'2018-04-14 00:00:00'),(863,'2018-03-01 00:00:00',288,153,9,'2018-03-06 00:00:00'),(864,'2018-03-21 00:00:00',56,149,3,'2018-03-23 00:00:00'),(865,'2018-03-12 00:00:00',227,95,2,'2018-03-17 00:00:00'),(866,'2018-04-21 00:00:00',88,168,4,NULL),(867,'2018-04-21 00:00:00',284,24,8,NULL),(868,'2018-03-22 00:00:00',233,35,6,'2018-03-29 00:00:00'),(869,'2018-04-10 00:00:00',87,1,2,'2018-04-13 00:00:00'),(870,'2018-02-19 00:00:00',116,124,9,'2018-02-22 00:00:00'),(871,'2018-02-06 00:00:00',213,37,8,'2018-02-12 00:00:00'),(872,'2018-03-25 00:00:00',191,40,2,'2018-03-30 00:00:00'),(873,'2018-02-08 00:00:00',32,151,5,'2018-02-17 00:00:00'),(874,'2018-03-13 00:00:00',99,42,1,'2018-03-16 00:00:00'),(875,'2018-02-01 00:00:00',149,31,3,'2018-02-07 00:00:00'),(876,'2018-02-05 00:00:00',25,159,7,'2018-02-11 00:00:00'),(877,'2018-04-03 00:00:00',63,22,9,'2018-04-13 00:00:00'),(878,'2018-04-09 00:00:00',293,125,3,'2018-04-12 00:00:00'),(879,'2018-04-17 00:00:00',231,91,10,NULL),(880,'2018-03-17 00:00:00',247,96,9,'2018-03-21 00:00:00'),(881,'2018-04-07 00:00:00',5,148,7,'2018-04-10 00:00:00'),(882,'2018-04-13 00:00:00',138,124,7,'2018-04-19 00:00:00'),(883,'2018-04-21 00:00:00',25,102,4,NULL),(884,'2018-01-24 00:00:00',100,93,4,'2018-01-27 00:00:00'),(885,'2018-03-31 00:00:00',226,170,10,'2018-04-04 00:00:00'),(886,'2018-03-20 00:00:00',204,100,5,'2018-03-30 00:00:00'),(887,'2018-02-14 00:00:00',20,180,4,'2018-02-20 00:00:00'),(888,'2018-02-07 00:00:00',273,138,7,'2018-02-11 00:00:00'),(889,'2018-03-11 00:00:00',9,51,2,'2018-03-15 00:00:00'),(890,'2018-04-16 00:00:00',51,42,6,NULL),(891,'2018-01-27 00:00:00',182,24,8,'2018-01-31 00:00:00'),(892,'2018-03-11 00:00:00',63,127,6,'2018-03-14 00:00:00'),(893,'2018-02-10 00:00:00',222,78,7,'2018-02-15 00:00:00'),(894,'2018-04-12 00:00:00',249,84,6,'2018-04-16 00:00:00'),(895,'2018-03-01 00:00:00',40,102,2,'2018-03-06 00:00:00'),(896,'2018-04-10 00:00:00',76,48,5,'2018-04-15 00:00:00'),(897,'2018-03-13 00:00:00',180,3,3,'2018-03-23 00:00:00'),(898,'2018-04-05 00:00:00',212,148,6,'2018-04-09 00:00:00'),(899,'2018-03-09 00:00:00',173,167,5,'2018-03-11 00:00:00'),(900,'2018-02-16 00:00:00',149,92,8,'2018-02-21 00:00:00'),(901,'2018-03-03 00:00:00',219,38,8,'2018-03-09 00:00:00'),(902,'2018-04-14 00:00:00',89,101,7,'2018-04-19 00:00:00'),(903,'2018-04-14 00:00:00',130,25,4,'2018-04-19 00:00:00'),(904,'2018-04-06 00:00:00',165,134,7,'2018-04-08 00:00:00'),(905,'2018-03-13 00:00:00',251,88,7,'2018-03-17 00:00:00'),(906,'2018-04-12 00:00:00',121,69,6,'2018-04-18 00:00:00'),(907,'2018-03-11 00:00:00',28,145,4,'2018-03-20 00:00:00'),(908,'2018-02-27 00:00:00',75,35,2,'2018-03-01 00:00:00'),(909,'2018-04-18 00:00:00',178,21,8,NULL),(910,'2018-03-25 00:00:00',58,132,7,'2018-03-30 00:00:00'),(911,'2018-02-25 00:00:00',45,142,2,'2018-02-27 00:00:00'),(912,'2018-03-22 00:00:00',118,97,3,'2018-03-28 00:00:00'),(913,'2018-02-16 00:00:00',244,9,8,'2018-02-18 00:00:00'),(914,'2018-02-12 00:00:00',177,33,1,'2018-02-19 00:00:00'),(915,'2018-02-19 00:00:00',28,25,4,'2018-02-25 00:00:00'),(916,'2018-03-27 00:00:00',180,100,7,'2018-04-02 00:00:00'),(917,'2018-03-03 00:00:00',291,47,3,'2018-03-09 00:00:00'),(918,'2018-03-05 00:00:00',103,142,6,'2018-03-15 00:00:00'),(919,'2018-03-10 00:00:00',274,187,9,'2018-03-19 00:00:00'),(920,'2018-02-19 00:00:00',108,99,4,'2018-02-22 00:00:00'),(921,'2018-03-14 00:00:00',49,99,10,'2018-03-17 00:00:00'),(922,'2018-03-14 00:00:00',36,140,2,'2018-03-18 00:00:00'),(923,'2018-02-26 00:00:00',188,7,3,'2018-03-06 00:00:00'),(924,'2018-04-04 00:00:00',273,122,4,'2018-04-09 00:00:00'),(925,'2018-02-06 00:00:00',263,145,10,'2018-02-15 00:00:00'),(926,'2018-02-10 00:00:00',255,16,8,'2018-02-12 00:00:00'),(927,'2018-01-30 00:00:00',31,191,5,'2018-02-02 00:00:00'),(928,'2018-03-10 00:00:00',229,135,2,'2018-03-12 00:00:00'),(929,'2018-03-21 00:00:00',294,10,4,'2018-03-28 00:00:00'),(930,'2018-03-30 00:00:00',206,188,7,'2018-04-05 00:00:00'),(931,'2018-03-23 00:00:00',26,190,5,'2018-04-01 00:00:00'),(932,'2018-02-26 00:00:00',101,150,8,'2018-03-05 00:00:00'),(933,'2018-01-28 00:00:00',163,54,7,'2018-02-03 00:00:00'),(934,'2018-02-20 00:00:00',265,47,6,'2018-02-25 00:00:00'),(935,'2018-02-06 00:00:00',61,149,2,'2018-02-14 00:00:00'),(936,'2018-01-24 00:00:00',248,127,7,'2018-01-27 00:00:00'),(937,'2018-02-07 00:00:00',148,11,8,'2018-02-15 00:00:00'),(938,'2018-02-17 00:00:00',141,68,3,'2018-02-22 00:00:00'),(939,'2018-03-22 00:00:00',217,149,6,'2018-04-01 00:00:00'),(940,'2018-03-11 00:00:00',162,59,9,'2018-03-19 00:00:00'),(941,'2018-03-22 00:00:00',92,137,6,'2018-03-26 00:00:00'),(942,'2018-03-10 00:00:00',88,118,2,'2018-03-20 00:00:00'),(943,'2018-01-28 00:00:00',81,133,6,'2018-02-01 00:00:00'),(944,'2018-03-04 00:00:00',209,129,2,'2018-03-08 00:00:00'),(945,'2018-02-13 00:00:00',285,77,2,'2018-02-19 00:00:00'),(946,'2018-04-07 00:00:00',7,192,8,'2018-04-15 00:00:00'),(947,'2018-02-11 00:00:00',152,40,5,'2018-02-19 00:00:00'),(948,'2018-02-23 00:00:00',258,78,4,'2018-03-05 00:00:00'),(949,'2018-02-27 00:00:00',52,170,8,'2018-03-01 00:00:00'),(950,'2018-04-11 00:00:00',284,64,8,'2018-04-17 00:00:00'),(951,'2018-02-14 00:00:00',185,67,8,'2018-02-21 00:00:00'),(952,'2018-04-14 00:00:00',299,159,10,'2018-04-16 00:00:00'),(953,'2018-03-07 00:00:00',277,101,8,'2018-03-15 00:00:00'),(954,'2018-04-03 00:00:00',207,166,2,'2018-04-12 00:00:00'),(955,'2018-02-02 00:00:00',202,106,7,'2018-02-06 00:00:00'),(956,'2018-03-03 00:00:00',37,141,2,'2018-03-13 00:00:00'),(957,'2018-03-15 00:00:00',164,124,5,'2018-03-20 00:00:00'),(958,'2018-03-18 00:00:00',9,40,9,'2018-03-25 00:00:00'),(959,'2018-01-27 00:00:00',180,139,7,'2018-01-30 00:00:00'),(960,'2018-03-30 00:00:00',242,15,9,'2018-04-04 00:00:00'),(961,'2018-03-11 00:00:00',186,49,4,'2018-03-18 00:00:00'),(962,'2018-04-20 00:00:00',168,78,3,'2018-04-23 00:00:00'),(963,'2018-04-12 00:00:00',235,86,8,'2018-04-21 00:00:00'),(964,'2018-02-24 00:00:00',139,133,9,'2018-03-05 00:00:00'),(965,'2018-03-27 00:00:00',189,4,3,'2018-04-04 00:00:00'),(966,'2018-01-30 00:00:00',199,6,2,'2018-02-02 00:00:00'),(967,'2018-02-26 00:00:00',217,89,1,'2018-03-06 00:00:00'),(968,'2018-02-02 00:00:00',39,109,4,'2018-02-07 00:00:00'),(969,'2018-01-25 00:00:00',297,194,9,'2018-02-04 00:00:00'),(970,'2018-03-09 00:00:00',270,169,6,'2018-03-18 00:00:00'),(971,'2018-03-12 00:00:00',143,48,8,'2018-03-17 00:00:00'),(972,'2018-04-12 00:00:00',31,126,9,'2018-04-16 00:00:00'),(973,'2018-03-25 00:00:00',190,157,1,'2018-03-28 00:00:00'),(974,'2018-02-16 00:00:00',40,126,8,'2018-02-23 00:00:00'),(975,'2018-02-05 00:00:00',234,134,10,'2018-02-08 00:00:00'),(976,'2018-01-25 00:00:00',253,66,2,'2018-02-04 00:00:00'),(977,'2018-03-07 00:00:00',48,146,3,'2018-03-12 00:00:00'),(978,'2018-02-21 00:00:00',149,149,3,'2018-03-02 00:00:00'),(979,'2018-02-11 00:00:00',60,9,6,'2018-02-16 00:00:00'),(980,'2018-02-02 00:00:00',211,97,4,'2018-02-09 00:00:00'),(981,'2018-04-20 00:00:00',79,99,7,'2018-04-24 00:00:00'),(982,'2018-01-28 00:00:00',184,198,2,'2018-02-05 00:00:00'),(983,'2018-03-06 00:00:00',96,87,3,'2018-03-11 00:00:00'),(984,'2018-02-16 00:00:00',44,102,2,'2018-02-19 00:00:00'),(985,'2018-03-22 00:00:00',45,157,5,'2018-03-29 00:00:00'),(986,'2018-04-14 00:00:00',252,22,1,'2018-04-16 00:00:00'),(987,'2018-02-02 00:00:00',62,135,8,'2018-02-10 00:00:00'),(988,'2018-02-11 00:00:00',231,31,5,'2018-02-15 00:00:00'),(989,'2018-02-08 00:00:00',102,80,10,'2018-02-16 00:00:00'),(990,'2018-02-25 00:00:00',158,154,3,'2018-03-01 00:00:00'),(991,'2018-04-22 00:00:00',100,167,3,NULL),(992,'2018-03-18 00:00:00',66,126,5,'2018-03-24 00:00:00'),(993,'2018-03-07 00:00:00',124,93,2,'2018-03-11 00:00:00'),(994,'2018-02-06 00:00:00',172,193,2,'2018-02-13 00:00:00'),(995,'2018-02-20 00:00:00',194,155,9,'2018-02-23 00:00:00'),(996,'2018-03-25 00:00:00',65,111,2,'2018-04-03 00:00:00'),(997,'2018-01-26 00:00:00',201,154,9,'2018-02-01 00:00:00'),(998,'2018-01-31 00:00:00',168,119,4,'2018-02-03 00:00:00'),(999,'2018-02-18 00:00:00',81,57,7,'2018-02-25 00:00:00'),(1000,'2018-04-03 00:00:00',230,193,6,'2018-04-07 00:00:00'),(1001,'2018-02-14 00:00:00',233,50,9,'2018-02-18 00:00:00'),(1002,'2018-02-12 00:00:00',198,138,5,'2018-02-16 00:00:00'),(1003,'2018-03-20 00:00:00',102,38,9,'2018-03-26 00:00:00'),(1004,'2018-04-17 00:00:00',169,33,2,'2018-04-23 00:00:00'),(1005,'2018-04-18 00:00:00',190,58,6,NULL),(1006,'2018-02-15 00:00:00',229,40,7,'2018-02-19 00:00:00'),(1007,'2018-02-06 00:00:00',154,183,1,'2018-02-10 00:00:00'),(1008,'2018-03-11 00:00:00',248,74,4,'2018-03-15 00:00:00'),(1009,'2018-03-12 00:00:00',83,73,10,'2018-03-17 00:00:00'),(1010,'2018-02-04 00:00:00',145,29,3,'2018-02-09 00:00:00'),(1011,'2018-03-12 00:00:00',8,132,3,'2018-03-18 00:00:00'),(1012,'2018-03-08 00:00:00',254,77,4,'2018-03-12 00:00:00'),(1013,'2018-02-24 00:00:00',161,37,4,'2018-03-02 00:00:00'),(1014,'2018-01-31 00:00:00',275,74,2,'2018-02-08 00:00:00'),(1015,'2018-03-23 00:00:00',100,46,2,'2018-03-29 00:00:00'),(1016,'2018-04-20 00:00:00',170,126,5,NULL),(1017,'2018-01-24 00:00:00',145,144,2,'2018-02-02 00:00:00'),(1018,'2018-03-05 00:00:00',19,55,3,'2018-03-10 00:00:00'),(1019,'2018-04-20 00:00:00',95,102,6,NULL),(1020,'2018-03-16 00:00:00',195,15,5,'2018-03-21 00:00:00'),(1021,'2018-02-05 00:00:00',254,192,3,'2018-02-08 00:00:00'),(1022,'2018-03-20 00:00:00',196,156,10,'2018-03-23 00:00:00'),(1023,'2018-03-19 00:00:00',158,39,4,'2018-03-22 00:00:00'),(1024,'2018-03-23 00:00:00',292,11,4,'2018-03-30 00:00:00'),(1025,'2018-04-04 00:00:00',160,71,3,'2018-04-09 00:00:00'),(1026,'2018-02-12 00:00:00',226,98,3,'2018-02-17 00:00:00'),(1027,'2018-03-09 00:00:00',38,168,8,'2018-03-18 00:00:00'),(1028,'2018-02-26 00:00:00',94,129,4,'2018-03-05 00:00:00'),(1029,'2018-02-05 00:00:00',261,54,8,'2018-02-13 00:00:00'),(1030,'2018-02-08 00:00:00',94,135,5,'2018-02-18 00:00:00'),(1031,'2018-04-06 00:00:00',170,188,1,'2018-04-13 00:00:00'),(1032,'2018-04-04 00:00:00',161,115,3,'2018-04-06 00:00:00'),(1033,'2018-03-12 00:00:00',89,89,4,'2018-03-17 00:00:00'),(1034,'2018-02-18 00:00:00',283,91,5,'2018-02-23 00:00:00'),(1035,'2018-03-05 00:00:00',260,7,6,'2018-03-08 00:00:00'),(1036,'2018-04-16 00:00:00',241,160,6,'2018-04-21 00:00:00'),(1037,'2018-03-11 00:00:00',32,76,6,'2018-03-19 00:00:00'),(1038,'2018-04-01 00:00:00',114,85,10,'2018-04-10 00:00:00'),(1039,'2018-03-01 00:00:00',143,46,7,'2018-03-03 00:00:00'),(1040,'2018-02-06 00:00:00',72,140,8,'2018-02-09 00:00:00'),(1041,'2018-02-07 00:00:00',213,200,9,'2018-02-16 00:00:00'),(1042,'2018-03-24 00:00:00',142,13,9,'2018-03-27 00:00:00'),(1043,'2018-04-04 00:00:00',187,150,9,'2018-04-10 00:00:00'),(1044,'2018-04-08 00:00:00',120,91,2,'2018-04-11 00:00:00'),(1045,'2018-01-29 00:00:00',231,98,2,'2018-02-01 00:00:00'),(1046,'2018-04-07 00:00:00',296,85,2,'2018-04-13 00:00:00'),(1047,'2018-03-01 00:00:00',188,17,6,'2018-03-08 00:00:00'),(1048,'2018-03-17 00:00:00',123,171,1,'2018-03-25 00:00:00'),(1049,'2018-02-19 00:00:00',229,136,2,'2018-02-24 00:00:00'),(1050,'2018-03-28 00:00:00',181,26,9,'2018-04-01 00:00:00'),(1051,'2018-02-11 00:00:00',282,61,7,'2018-02-17 00:00:00'),(1052,'2018-03-08 00:00:00',7,114,8,'2018-03-14 00:00:00'),(1053,'2018-01-25 00:00:00',94,79,1,'2018-01-27 00:00:00'),(1054,'2018-01-24 00:00:00',110,45,10,'2018-02-02 00:00:00'),(1055,'2018-03-25 00:00:00',71,49,6,'2018-04-01 00:00:00'),(1056,'2018-02-10 00:00:00',85,153,10,'2018-02-16 00:00:00'),(1057,'2018-02-23 00:00:00',205,82,10,'2018-02-28 00:00:00'),(1058,'2018-02-14 00:00:00',256,156,4,'2018-02-23 00:00:00'),(1059,'2018-03-26 00:00:00',272,167,5,'2018-04-02 00:00:00'),(1060,'2018-03-27 00:00:00',290,62,7,'2018-03-30 00:00:00'),(1061,'2018-04-03 00:00:00',159,183,10,'2018-04-07 00:00:00'),(1062,'2018-02-26 00:00:00',44,19,1,'2018-03-02 00:00:00'),(1063,'2018-02-06 00:00:00',96,13,4,'2018-02-09 00:00:00'),(1064,'2018-02-26 00:00:00',114,147,6,'2018-02-28 00:00:00'),(1065,'2018-03-09 00:00:00',275,186,9,'2018-03-18 00:00:00'),(1066,'2018-03-13 00:00:00',127,6,9,'2018-03-18 00:00:00'),(1067,'2018-04-01 00:00:00',116,11,2,'2018-04-08 00:00:00'),(1068,'2018-03-09 00:00:00',170,37,3,'2018-03-13 00:00:00'),(1069,'2018-03-15 00:00:00',194,93,4,'2018-03-22 00:00:00'),(1070,'2018-04-14 00:00:00',198,102,6,'2018-04-21 00:00:00'),(1071,'2018-03-28 00:00:00',7,153,8,'2018-04-05 00:00:00'),(1072,'2018-03-12 00:00:00',4,161,10,'2018-03-15 00:00:00'),(1073,'2018-03-05 00:00:00',82,199,2,'2018-03-13 00:00:00'),(1074,'2018-02-10 00:00:00',109,28,6,'2018-02-16 00:00:00'),(1075,'2018-03-04 00:00:00',136,35,6,'2018-03-06 00:00:00'),(1076,'2018-04-19 00:00:00',106,133,3,NULL),(1077,'2018-01-28 00:00:00',28,174,2,'2018-02-01 00:00:00'),(1078,'2018-02-15 00:00:00',119,80,8,'2018-02-21 00:00:00'),(1079,'2018-02-15 00:00:00',210,67,6,'2018-02-20 00:00:00'),(1080,'2018-02-13 00:00:00',232,42,7,'2018-02-17 00:00:00'),(1081,'2018-01-28 00:00:00',70,62,8,'2018-02-04 00:00:00'),(1082,'2018-04-03 00:00:00',151,122,6,'2018-04-10 00:00:00'),(1083,'2018-02-11 00:00:00',224,90,1,'2018-02-16 00:00:00'),(1084,'2018-02-23 00:00:00',165,164,5,'2018-02-27 00:00:00'),(1085,'2018-02-08 00:00:00',145,5,7,'2018-02-16 00:00:00'),(1086,'2018-04-06 00:00:00',155,103,1,'2018-04-08 00:00:00'),(1087,'2018-04-11 00:00:00',143,48,8,'2018-04-16 00:00:00'),(1088,'2018-04-18 00:00:00',289,148,8,'2018-04-20 00:00:00'),(1089,'2018-02-15 00:00:00',213,73,7,'2018-02-20 00:00:00'),(1090,'2018-03-29 00:00:00',12,14,3,'2018-04-03 00:00:00'),(1091,'2018-02-08 00:00:00',68,99,8,'2018-02-14 00:00:00'),(1092,'2018-03-14 00:00:00',65,65,10,'2018-03-23 00:00:00'),(1093,'2018-02-07 00:00:00',49,157,5,'2018-02-12 00:00:00'),(1094,'2018-02-08 00:00:00',228,48,9,'2018-02-17 00:00:00'),(1095,'2018-03-15 00:00:00',278,57,7,'2018-03-21 00:00:00'),(1096,'2018-03-31 00:00:00',117,128,1,'2018-04-05 00:00:00'),(1097,'2018-03-31 00:00:00',38,17,1,'2018-04-03 00:00:00'),(1098,'2018-02-03 00:00:00',60,175,8,'2018-02-08 00:00:00'),(1099,'2018-04-05 00:00:00',21,25,5,'2018-04-13 00:00:00'),(1100,'2018-02-23 00:00:00',171,100,8,'2018-02-26 00:00:00'),(1101,'2018-02-07 00:00:00',43,178,1,'2018-02-16 00:00:00'),(1102,'2018-03-08 00:00:00',210,31,7,'2018-03-14 00:00:00'),(1103,'2018-02-09 00:00:00',87,196,1,'2018-02-12 00:00:00'),(1104,'2018-02-23 00:00:00',136,200,7,'2018-02-26 00:00:00'),(1105,'2018-04-05 00:00:00',292,183,7,'2018-04-10 00:00:00'),(1106,'2018-02-05 00:00:00',33,105,4,'2018-02-10 00:00:00'),(1107,'2018-04-20 00:00:00',255,175,8,NULL),(1108,'2018-03-07 00:00:00',230,82,8,'2018-03-13 00:00:00'),(1109,'2018-03-10 00:00:00',210,157,9,'2018-03-14 00:00:00'),(1110,'2018-02-09 00:00:00',145,130,8,'2018-02-16 00:00:00'),(1111,'2018-04-19 00:00:00',290,76,10,NULL),(1112,'2018-02-11 00:00:00',210,90,2,'2018-02-13 00:00:00'),(1113,'2018-03-21 00:00:00',4,155,9,'2018-03-26 00:00:00'),(1114,'2018-02-06 00:00:00',78,199,3,'2018-02-14 00:00:00'),(1115,'2018-04-23 00:00:00',21,20,3,NULL),(1116,'2018-04-18 00:00:00',71,147,10,'2018-04-24 00:00:00'),(1117,'2018-03-03 00:00:00',90,97,6,'2018-03-05 00:00:00'),(1118,'2018-04-13 00:00:00',212,102,5,'2018-04-15 00:00:00'),(1119,'2018-03-01 00:00:00',222,118,7,'2018-03-09 00:00:00'),(1120,'2018-02-12 00:00:00',223,50,1,'2018-02-21 00:00:00'),(1121,'2018-03-30 00:00:00',244,22,2,'2018-04-04 00:00:00'),(1122,'2018-04-12 00:00:00',146,62,2,'2018-04-17 00:00:00'),(1123,'2018-03-18 00:00:00',16,137,3,'2018-03-27 00:00:00'),(1124,'2018-03-29 00:00:00',79,88,5,'2018-04-05 00:00:00'),(1125,'2018-02-16 00:00:00',20,191,6,'2018-02-22 00:00:00'),(1126,'2018-04-18 00:00:00',140,150,4,'2018-04-24 00:00:00'),(1127,'2018-03-08 00:00:00',300,95,4,'2018-03-14 00:00:00'),(1128,'2018-03-21 00:00:00',247,152,4,'2018-03-29 00:00:00'),(1129,'2018-03-26 00:00:00',50,190,3,'2018-04-02 00:00:00'),(1130,'2018-03-16 00:00:00',172,148,10,'2018-03-21 00:00:00'),(1131,'2018-02-15 00:00:00',185,152,9,'2018-02-23 00:00:00'),(1132,'2018-03-15 00:00:00',169,136,7,'2018-03-20 00:00:00'),(1133,'2018-03-12 00:00:00',253,93,8,'2018-03-16 00:00:00'),(1134,'2018-03-06 00:00:00',293,187,8,'2018-03-11 00:00:00'),(1135,'2018-01-28 00:00:00',221,24,4,'2018-02-03 00:00:00'),(1136,'2018-03-07 00:00:00',20,144,5,'2018-03-13 00:00:00'),(1137,'2018-02-08 00:00:00',129,36,6,'2018-02-18 00:00:00'),(1138,'2018-03-13 00:00:00',31,4,8,'2018-03-19 00:00:00'),(1139,'2018-04-21 00:00:00',161,24,10,NULL),(1140,'2018-03-13 00:00:00',236,125,8,'2018-03-18 00:00:00'),(1141,'2018-01-30 00:00:00',13,21,4,'2018-02-04 00:00:00'),(1142,'2018-04-21 00:00:00',146,138,10,NULL),(1143,'2018-02-04 00:00:00',127,175,2,'2018-02-09 00:00:00'),(1144,'2018-01-30 00:00:00',285,137,6,'2018-02-04 00:00:00'),(1145,'2018-04-07 00:00:00',77,119,3,'2018-04-13 00:00:00'),(1146,'2018-04-04 00:00:00',193,171,4,'2018-04-10 00:00:00'),(1147,'2018-04-13 00:00:00',115,57,3,'2018-04-19 00:00:00'),(1148,'2018-03-11 00:00:00',184,46,4,'2018-03-18 00:00:00'),(1149,'2018-02-18 00:00:00',245,180,1,'2018-02-23 00:00:00'),(1150,'2018-02-12 00:00:00',35,137,2,'2018-02-16 00:00:00'),(1151,'2018-04-03 00:00:00',255,146,2,'2018-04-09 00:00:00'),(1152,'2018-03-28 00:00:00',27,168,10,'2018-04-01 00:00:00'),(1153,'2018-04-04 00:00:00',147,154,4,'2018-04-08 00:00:00'),(1154,'2018-02-08 00:00:00',34,38,6,'2018-02-11 00:00:00'),(1155,'2018-03-16 00:00:00',146,72,4,'2018-03-21 00:00:00'),(1156,'2018-03-01 00:00:00',12,59,4,'2018-03-11 00:00:00'),(1157,'2018-02-06 00:00:00',199,115,9,'2018-02-10 00:00:00'),(1158,'2018-03-16 00:00:00',122,44,9,'2018-03-25 00:00:00'),(1159,'2018-03-24 00:00:00',86,10,4,'2018-03-30 00:00:00'),(1160,'2018-02-12 00:00:00',190,76,10,'2018-02-19 00:00:00'),(1161,'2018-02-16 00:00:00',275,98,7,'2018-02-18 00:00:00'),(1162,'2018-03-21 00:00:00',36,170,9,'2018-03-25 00:00:00'),(1163,'2018-04-18 00:00:00',27,134,2,'2018-04-22 00:00:00'),(1164,'2018-03-16 00:00:00',18,139,4,'2018-03-25 00:00:00'),(1165,'2018-01-29 00:00:00',74,193,2,'2018-02-03 00:00:00'),(1166,'2018-02-26 00:00:00',57,100,9,'2018-03-07 00:00:00'),(1167,'2018-03-17 00:00:00',222,179,3,'2018-03-24 00:00:00'),(1168,'2018-02-19 00:00:00',18,197,8,'2018-02-24 00:00:00'),(1169,'2018-02-16 00:00:00',92,2,2,'2018-02-22 00:00:00'),(1170,'2018-03-10 00:00:00',85,190,9,'2018-03-13 00:00:00'),(1171,'2018-02-24 00:00:00',258,122,5,'2018-03-03 00:00:00'),(1172,'2018-03-09 00:00:00',53,92,8,'2018-03-12 00:00:00'),(1173,'2018-03-17 00:00:00',232,91,10,'2018-03-25 00:00:00'),(1174,'2018-03-19 00:00:00',112,107,6,'2018-03-22 00:00:00'),(1175,'2018-04-10 00:00:00',17,194,7,'2018-04-13 00:00:00'),(1176,'2018-03-09 00:00:00',239,120,6,'2018-03-15 00:00:00'),(1177,'2018-02-14 00:00:00',94,197,10,'2018-02-20 00:00:00'),(1178,'2018-02-04 00:00:00',130,63,3,'2018-02-11 00:00:00'),(1179,'2018-03-16 00:00:00',90,108,8,'2018-03-21 00:00:00'),(1180,'2018-03-17 00:00:00',295,198,10,'2018-03-24 00:00:00'),(1181,'2018-02-08 00:00:00',26,15,2,'2018-02-11 00:00:00'),(1182,'2018-03-26 00:00:00',112,12,3,'2018-03-30 00:00:00'),(1183,'2018-02-18 00:00:00',155,153,3,'2018-02-27 00:00:00'),(1184,'2018-04-17 00:00:00',144,155,5,'2018-04-23 00:00:00'),(1185,'2018-02-01 00:00:00',71,119,3,'2018-02-05 00:00:00'),(1186,'2018-03-07 00:00:00',219,13,2,'2018-03-16 00:00:00'),(1187,'2018-03-22 00:00:00',69,151,2,'2018-03-28 00:00:00'),(1188,'2018-04-05 00:00:00',286,128,4,'2018-04-13 00:00:00'),(1189,'2018-02-19 00:00:00',19,82,9,'2018-02-26 00:00:00'),(1190,'2018-04-21 00:00:00',225,11,1,NULL),(1191,'2018-04-12 00:00:00',1,78,9,'2018-04-21 00:00:00'),(1192,'2018-03-07 00:00:00',179,93,6,'2018-03-16 00:00:00'),(1193,'2018-04-05 00:00:00',217,42,9,'2018-04-11 00:00:00'),(1194,'2018-02-17 00:00:00',23,43,8,'2018-02-19 00:00:00'),(1195,'2018-03-10 00:00:00',121,19,3,'2018-03-20 00:00:00'),(1196,'2018-02-07 00:00:00',191,55,5,'2018-02-14 00:00:00'),(1197,'2018-03-14 00:00:00',55,35,4,'2018-03-23 00:00:00'),(1198,'2018-01-26 00:00:00',179,132,6,'2018-01-29 00:00:00'),(1199,'2018-03-05 00:00:00',182,55,6,'2018-03-09 00:00:00'),(1200,'2018-02-04 00:00:00',53,118,5,'2018-02-12 00:00:00'),(1201,'2018-03-16 00:00:00',185,69,9,'2018-03-23 00:00:00'),(1202,'2018-03-14 00:00:00',283,149,9,'2018-03-21 00:00:00'),(1203,'2018-04-03 00:00:00',184,137,6,'2018-04-09 00:00:00'),(1204,'2018-02-04 00:00:00',170,180,8,'2018-02-11 00:00:00'),(1205,'2018-03-23 00:00:00',152,118,5,'2018-03-27 00:00:00'),(1206,'2018-03-17 00:00:00',150,51,8,'2018-03-25 00:00:00'),(1207,'2018-04-14 00:00:00',191,125,3,'2018-04-18 00:00:00'),(1208,'2018-04-13 00:00:00',136,80,7,'2018-04-23 00:00:00'),(1209,'2018-02-02 00:00:00',184,16,6,'2018-02-09 00:00:00'),(1210,'2018-03-17 00:00:00',62,112,3,'2018-03-23 00:00:00'),(1211,'2018-04-07 00:00:00',131,198,7,'2018-04-12 00:00:00'),(1212,'2018-01-30 00:00:00',265,82,5,'2018-02-04 00:00:00'),(1213,'2018-02-15 00:00:00',207,135,4,'2018-02-22 00:00:00'),(1214,'2018-03-15 00:00:00',103,141,5,'2018-03-20 00:00:00'),(1215,'2018-03-24 00:00:00',297,72,8,'2018-03-28 00:00:00'),(1216,'2018-04-22 00:00:00',280,179,7,NULL),(1217,'2018-02-25 00:00:00',11,123,10,'2018-03-01 00:00:00'),(1218,'2018-01-31 00:00:00',271,65,9,'2018-02-08 00:00:00'),(1219,'2018-02-27 00:00:00',24,85,9,'2018-03-09 00:00:00'),(1220,'2018-04-14 00:00:00',17,134,3,'2018-04-23 00:00:00'),(1221,'2018-04-06 00:00:00',122,7,9,'2018-04-16 00:00:00'),(1222,'2018-03-25 00:00:00',291,97,5,'2018-04-02 00:00:00'),(1223,'2018-02-17 00:00:00',119,122,9,'2018-02-20 00:00:00'),(1224,'2018-03-10 00:00:00',266,162,5,'2018-03-19 00:00:00'),(1225,'2018-03-07 00:00:00',197,190,8,'2018-03-13 00:00:00'),(1226,'2018-04-20 00:00:00',31,196,6,NULL),(1227,'2018-02-06 00:00:00',139,19,2,'2018-02-11 00:00:00'),(1228,'2018-04-20 00:00:00',276,117,2,'2018-04-22 00:00:00'),(1229,'2018-03-29 00:00:00',29,180,3,'2018-04-01 00:00:00'),(1230,'2018-03-16 00:00:00',30,11,10,'2018-03-22 00:00:00'),(1231,'2018-02-22 00:00:00',121,109,6,'2018-02-28 00:00:00'),(1232,'2018-01-26 00:00:00',215,118,8,'2018-01-31 00:00:00'),(1233,'2018-04-09 00:00:00',224,78,7,'2018-04-15 00:00:00'),(1234,'2018-02-12 00:00:00',282,23,8,'2018-02-21 00:00:00'),(1235,'2018-03-25 00:00:00',8,65,6,'2018-04-01 00:00:00'),(1236,'2018-02-23 00:00:00',221,90,1,'2018-03-03 00:00:00'),(1237,'2018-02-08 00:00:00',205,62,5,'2018-02-10 00:00:00'),(1238,'2018-01-29 00:00:00',165,145,10,'2018-02-05 00:00:00'),(1239,'2018-02-07 00:00:00',279,154,1,'2018-02-11 00:00:00'),(1240,'2018-01-29 00:00:00',22,123,9,'2018-02-05 00:00:00'),(1241,'2018-03-21 00:00:00',179,191,10,'2018-03-26 00:00:00'),(1242,'2018-04-20 00:00:00',6,83,1,'2018-04-24 00:00:00'),(1243,'2018-02-11 00:00:00',171,171,6,'2018-02-21 00:00:00'),(1244,'2018-03-30 00:00:00',112,192,7,'2018-04-06 00:00:00'),(1245,'2018-03-07 00:00:00',102,189,7,'2018-03-14 00:00:00'),(1246,'2018-02-18 00:00:00',24,12,1,'2018-02-24 00:00:00'),(1247,'2018-04-18 00:00:00',198,158,10,'2018-04-21 00:00:00'),(1248,'2018-03-09 00:00:00',157,157,4,'2018-03-16 00:00:00'),(1249,'2018-03-18 00:00:00',203,88,2,'2018-03-28 00:00:00'),(1250,'2018-03-14 00:00:00',190,154,10,'2018-03-22 00:00:00'),(1251,'2018-02-03 00:00:00',174,67,9,'2018-02-12 00:00:00'),(1252,'2018-02-22 00:00:00',228,26,4,'2018-02-28 00:00:00'),(1253,'2018-03-15 00:00:00',24,33,6,'2018-03-18 00:00:00'),(1254,'2018-03-18 00:00:00',98,139,5,'2018-03-22 00:00:00'),(1255,'2018-03-19 00:00:00',48,79,5,'2018-03-25 00:00:00'),(1256,'2018-04-03 00:00:00',200,66,7,'2018-04-10 00:00:00'),(1257,'2018-04-01 00:00:00',208,120,9,'2018-04-05 00:00:00'),(1258,'2018-02-08 00:00:00',120,171,2,'2018-02-13 00:00:00'),(1259,'2018-02-09 00:00:00',297,54,4,'2018-02-18 00:00:00'),(1260,'2018-04-17 00:00:00',243,91,8,'2018-04-21 00:00:00'),(1261,'2018-02-16 00:00:00',39,163,7,'2018-02-20 00:00:00'),(1262,'2018-04-21 00:00:00',38,102,2,'2018-04-23 00:00:00'),(1263,'2018-04-01 00:00:00',16,196,8,'2018-04-09 00:00:00'),(1264,'2018-03-23 00:00:00',68,72,2,'2018-03-27 00:00:00'),(1265,'2018-03-10 00:00:00',33,38,6,'2018-03-13 00:00:00'),(1266,'2018-03-12 00:00:00',121,63,4,'2018-03-19 00:00:00'),(1267,'2018-03-14 00:00:00',153,7,7,'2018-03-17 00:00:00'),(1268,'2018-04-22 00:00:00',265,175,8,NULL),(1269,'2018-01-24 00:00:00',23,185,5,'2018-02-02 00:00:00'),(1270,'2018-03-31 00:00:00',152,74,4,'2018-04-02 00:00:00'),(1271,'2018-03-15 00:00:00',37,147,4,'2018-03-19 00:00:00'),(1272,'2018-03-20 00:00:00',295,88,3,'2018-03-29 00:00:00'),(1273,'2018-01-31 00:00:00',150,188,3,'2018-02-09 00:00:00'),(1274,'2018-04-07 00:00:00',268,124,5,'2018-04-11 00:00:00'),(1275,'2018-04-08 00:00:00',165,184,10,'2018-04-15 00:00:00'),(1276,'2018-01-25 00:00:00',132,192,5,'2018-01-28 00:00:00'),(1277,'2018-03-09 00:00:00',15,177,4,'2018-03-12 00:00:00'),(1278,'2018-02-12 00:00:00',272,76,2,'2018-02-14 00:00:00'),(1279,'2018-02-22 00:00:00',111,44,10,'2018-03-03 00:00:00'),(1280,'2018-04-04 00:00:00',50,68,3,'2018-04-07 00:00:00'),(1281,'2018-01-31 00:00:00',133,18,2,'2018-02-02 00:00:00'),(1282,'2018-03-29 00:00:00',188,168,4,'2018-04-01 00:00:00'),(1283,'2018-04-18 00:00:00',135,56,1,'2018-04-23 00:00:00'),(1284,'2018-03-20 00:00:00',243,135,9,'2018-03-28 00:00:00'),(1285,'2018-02-24 00:00:00',105,73,8,'2018-03-02 00:00:00'),(1286,'2018-02-19 00:00:00',81,99,7,'2018-02-23 00:00:00'),(1287,'2018-02-10 00:00:00',291,121,2,'2018-02-13 00:00:00'),(1288,'2018-02-13 00:00:00',75,141,8,'2018-02-19 00:00:00'),(1289,'2018-02-16 00:00:00',208,64,6,'2018-02-21 00:00:00'),(1290,'2018-02-28 00:00:00',202,174,4,'2018-03-06 00:00:00'),(1291,'2018-04-17 00:00:00',147,85,7,'2018-04-22 00:00:00'),(1292,'2018-04-22 00:00:00',97,82,2,NULL),(1293,'2018-04-16 00:00:00',265,149,2,'2018-04-20 00:00:00'),(1294,'2018-04-12 00:00:00',174,146,9,'2018-04-17 00:00:00'),(1295,'2018-03-20 00:00:00',229,53,1,'2018-03-23 00:00:00'),(1296,'2018-03-23 00:00:00',51,184,2,'2018-03-30 00:00:00'),(1297,'2018-02-20 00:00:00',263,162,5,'2018-02-24 00:00:00'),(1298,'2018-02-26 00:00:00',220,177,3,'2018-03-07 00:00:00'),(1299,'2018-03-16 00:00:00',77,149,10,'2018-03-22 00:00:00'),(1300,'2018-03-09 00:00:00',289,146,8,'2018-03-17 00:00:00'),(1301,'2018-02-28 00:00:00',3,146,7,'2018-03-08 00:00:00'),(1302,'2018-03-15 00:00:00',269,109,1,'2018-03-22 00:00:00'),(1303,'2018-04-17 00:00:00',264,31,2,'2018-04-22 00:00:00'),(1304,'2018-04-09 00:00:00',204,22,5,'2018-04-14 00:00:00'),(1305,'2018-04-13 00:00:00',33,55,1,'2018-04-16 00:00:00'),(1306,'2018-02-17 00:00:00',243,88,8,'2018-02-21 00:00:00'),(1307,'2018-03-05 00:00:00',132,189,5,'2018-03-10 00:00:00'),(1308,'2018-04-05 00:00:00',74,185,9,'2018-04-13 00:00:00'),(1309,'2018-04-05 00:00:00',61,141,9,'2018-04-13 00:00:00'),(1310,'2018-03-06 00:00:00',243,80,6,'2018-03-15 00:00:00'),(1311,'2018-01-27 00:00:00',23,37,7,'2018-02-01 00:00:00'),(1312,'2018-02-02 00:00:00',129,174,2,'2018-02-07 00:00:00'),(1313,'2018-03-23 00:00:00',274,119,3,'2018-04-02 00:00:00'),(1314,'2018-03-22 00:00:00',277,123,4,'2018-03-24 00:00:00'),(1315,'2018-02-28 00:00:00',278,39,3,'2018-03-03 00:00:00'),(1316,'2018-04-01 00:00:00',178,114,2,'2018-04-07 00:00:00'),(1317,'2018-02-26 00:00:00',256,84,6,'2018-03-08 00:00:00'),(1318,'2018-03-19 00:00:00',225,116,7,'2018-03-24 00:00:00'),(1319,'2018-02-09 00:00:00',296,13,4,'2018-02-13 00:00:00'),(1320,'2018-03-07 00:00:00',154,141,10,'2018-03-14 00:00:00'),(1321,'2018-02-11 00:00:00',274,76,2,'2018-02-14 00:00:00'),(1322,'2018-04-02 00:00:00',141,86,8,'2018-04-09 00:00:00'),(1323,'2018-03-17 00:00:00',18,141,4,'2018-03-26 00:00:00'),(1324,'2018-03-01 00:00:00',26,97,3,'2018-03-11 00:00:00'),(1325,'2018-03-19 00:00:00',28,21,3,'2018-03-25 00:00:00'),(1326,'2018-02-02 00:00:00',270,30,1,'2018-02-05 00:00:00'),(1327,'2018-02-21 00:00:00',230,145,4,'2018-02-26 00:00:00'),(1328,'2018-04-22 00:00:00',271,149,1,NULL),(1329,'2018-02-04 00:00:00',262,96,8,'2018-02-08 00:00:00'),(1330,'2018-03-24 00:00:00',63,141,9,'2018-03-30 00:00:00'),(1331,'2018-03-25 00:00:00',238,22,2,'2018-04-04 00:00:00'),(1332,'2018-02-21 00:00:00',107,27,6,'2018-03-02 00:00:00'),(1333,'2018-04-10 00:00:00',193,75,9,'2018-04-17 00:00:00'),(1334,'2018-04-07 00:00:00',149,92,8,'2018-04-09 00:00:00'),(1335,'2018-02-28 00:00:00',144,81,6,'2018-03-07 00:00:00'),(1336,'2018-02-19 00:00:00',13,180,4,'2018-02-24 00:00:00'),(1337,'2018-04-04 00:00:00',276,173,6,'2018-04-13 00:00:00'),(1338,'2018-04-07 00:00:00',187,84,3,'2018-04-11 00:00:00'),(1339,'2018-03-11 00:00:00',149,143,2,'2018-03-18 00:00:00'),(1340,'2018-03-22 00:00:00',91,135,5,'2018-03-26 00:00:00'),(1341,'2018-03-26 00:00:00',293,66,7,'2018-03-29 00:00:00'),(1342,'2018-03-04 00:00:00',196,54,4,'2018-03-11 00:00:00'),(1343,'2018-04-16 00:00:00',25,46,9,'2018-04-18 00:00:00'),(1344,'2018-02-17 00:00:00',284,129,4,'2018-02-19 00:00:00'),(1345,'2018-03-13 00:00:00',35,55,1,'2018-03-16 00:00:00'),(1346,'2018-02-28 00:00:00',284,16,6,'2018-03-06 00:00:00'),(1347,'2018-03-14 00:00:00',268,103,9,'2018-03-21 00:00:00'),(1348,'2018-02-28 00:00:00',65,169,6,'2018-03-05 00:00:00'),(1349,'2018-03-25 00:00:00',169,20,8,'2018-04-03 00:00:00'),(1350,'2018-04-16 00:00:00',5,62,6,'2018-04-20 00:00:00'),(1351,'2018-02-28 00:00:00',200,168,3,'2018-03-06 00:00:00'),(1352,'2018-03-10 00:00:00',272,178,8,'2018-03-19 00:00:00'),(1353,'2018-01-26 00:00:00',177,166,4,'2018-02-03 00:00:00'),(1354,'2018-03-20 00:00:00',236,114,5,'2018-03-28 00:00:00'),(1355,'2018-03-16 00:00:00',276,174,6,'2018-03-20 00:00:00'),(1356,'2018-02-04 00:00:00',74,19,7,'2018-02-09 00:00:00'),(1357,'2018-03-24 00:00:00',168,53,7,'2018-03-30 00:00:00'),(1358,'2018-03-24 00:00:00',19,172,2,'2018-04-02 00:00:00'),(1359,'2018-01-28 00:00:00',148,8,7,'2018-02-03 00:00:00'),(1360,'2018-03-01 00:00:00',27,104,4,'2018-03-11 00:00:00'),(1361,'2018-04-19 00:00:00',57,31,3,'2018-04-23 00:00:00'),(1362,'2018-03-07 00:00:00',223,103,4,'2018-03-10 00:00:00'),(1363,'2018-04-10 00:00:00',16,36,7,'2018-04-18 00:00:00'),(1364,'2018-04-17 00:00:00',206,179,5,'2018-04-20 00:00:00'),(1365,'2018-03-18 00:00:00',172,120,3,'2018-03-26 00:00:00'),(1366,'2018-03-05 00:00:00',17,89,2,'2018-03-15 00:00:00'),(1367,'2018-01-28 00:00:00',75,73,2,'2018-02-04 00:00:00'),(1368,'2018-04-05 00:00:00',184,106,8,'2018-04-14 00:00:00'),(1369,'2018-03-13 00:00:00',29,195,6,'2018-03-19 00:00:00'),(1370,'2018-03-28 00:00:00',32,145,4,'2018-04-04 00:00:00'),(1371,'2018-04-16 00:00:00',99,23,6,'2018-04-22 00:00:00'),(1372,'2018-04-23 00:00:00',235,49,9,NULL),(1373,'2018-03-17 00:00:00',280,71,10,'2018-03-22 00:00:00'),(1374,'2018-02-16 00:00:00',295,79,1,'2018-02-25 00:00:00'),(1375,'2018-02-07 00:00:00',175,47,5,'2018-02-11 00:00:00'),(1376,'2018-03-18 00:00:00',167,104,9,'2018-03-26 00:00:00'),(1377,'2018-03-02 00:00:00',9,172,3,'2018-03-10 00:00:00'),(1378,'2018-03-09 00:00:00',294,39,1,'2018-03-18 00:00:00'),(1379,'2018-03-12 00:00:00',51,178,10,'2018-03-17 00:00:00'),(1380,'2018-04-12 00:00:00',87,49,4,'2018-04-20 00:00:00'),(1381,'2018-01-24 00:00:00',238,19,2,'2018-02-03 00:00:00'),(1382,'2018-01-31 00:00:00',216,103,5,'2018-02-08 00:00:00'),(1383,'2018-03-12 00:00:00',129,127,9,'2018-03-15 00:00:00'),(1384,'2018-03-01 00:00:00',300,104,6,'2018-03-04 00:00:00'),(1385,'2018-02-27 00:00:00',138,23,3,'2018-03-01 00:00:00'),(1386,'2018-03-07 00:00:00',21,189,6,'2018-03-10 00:00:00'),(1387,'2018-02-17 00:00:00',99,67,7,'2018-02-20 00:00:00'),(1388,'2018-03-19 00:00:00',159,124,5,'2018-03-24 00:00:00'),(1389,'2018-02-26 00:00:00',148,84,7,'2018-03-05 00:00:00'),(1390,'2018-01-30 00:00:00',192,65,7,'2018-02-03 00:00:00'),(1391,'2018-02-04 00:00:00',181,55,6,'2018-02-08 00:00:00'),(1392,'2018-02-13 00:00:00',277,51,5,'2018-02-19 00:00:00'),(1393,'2018-02-18 00:00:00',106,92,3,'2018-02-21 00:00:00'),(1394,'2018-02-12 00:00:00',268,141,9,'2018-02-16 00:00:00'),(1395,'2018-04-17 00:00:00',282,43,3,NULL),(1396,'2018-03-06 00:00:00',134,36,6,'2018-03-08 00:00:00'),(1397,'2018-04-06 00:00:00',295,199,1,'2018-04-10 00:00:00'),(1398,'2018-04-15 00:00:00',233,131,9,'2018-04-20 00:00:00'),(1399,'2018-02-19 00:00:00',170,124,5,'2018-02-27 00:00:00'),(1400,'2018-04-11 00:00:00',274,38,3,'2018-04-17 00:00:00'),(1401,'2018-03-24 00:00:00',206,5,1,'2018-03-27 00:00:00'),(1402,'2018-04-12 00:00:00',67,111,2,'2018-04-18 00:00:00'),(1403,'2018-04-04 00:00:00',142,96,10,'2018-04-11 00:00:00'),(1404,'2018-03-10 00:00:00',41,21,2,'2018-03-16 00:00:00'),(1405,'2018-04-11 00:00:00',224,86,9,'2018-04-16 00:00:00'),(1406,'2018-04-04 00:00:00',60,177,9,'2018-04-09 00:00:00'),(1407,'2018-03-06 00:00:00',75,145,9,'2018-03-09 00:00:00'),(1408,'2018-04-08 00:00:00',217,175,3,'2018-04-12 00:00:00'),(1409,'2018-02-20 00:00:00',134,62,3,'2018-02-24 00:00:00'),(1410,'2018-02-05 00:00:00',115,185,5,'2018-02-15 00:00:00'),(1411,'2018-03-01 00:00:00',296,55,5,'2018-03-07 00:00:00'),(1412,'2018-02-08 00:00:00',203,137,5,'2018-02-12 00:00:00'),(1413,'2018-02-20 00:00:00',281,172,5,'2018-02-27 00:00:00'),(1414,'2018-02-02 00:00:00',105,141,5,'2018-02-04 00:00:00'),(1415,'2018-03-27 00:00:00',127,181,3,'2018-03-30 00:00:00'),(1416,'2018-02-27 00:00:00',174,8,5,'2018-03-03 00:00:00'),(1417,'2018-03-12 00:00:00',287,191,9,'2018-03-16 00:00:00'),(1418,'2018-02-25 00:00:00',201,156,9,'2018-03-03 00:00:00'),(1419,'2018-04-12 00:00:00',120,26,5,'2018-04-22 00:00:00'),(1420,'2018-02-23 00:00:00',244,195,5,'2018-02-28 00:00:00'),(1421,'2018-04-01 00:00:00',277,163,4,'2018-04-10 00:00:00'),(1422,'2018-04-16 00:00:00',49,73,4,'2018-04-22 00:00:00'),(1423,'2018-03-07 00:00:00',261,54,7,'2018-03-15 00:00:00'),(1424,'2018-04-23 00:00:00',198,59,5,NULL),(1425,'2018-03-05 00:00:00',253,63,1,'2018-03-09 00:00:00'),(1426,'2018-04-03 00:00:00',162,113,3,'2018-04-05 00:00:00'),(1427,'2018-03-28 00:00:00',153,182,1,'2018-04-06 00:00:00'),(1428,'2018-03-19 00:00:00',98,184,7,'2018-03-28 00:00:00'),(1429,'2018-03-09 00:00:00',166,24,9,'2018-03-13 00:00:00'),(1430,'2018-02-23 00:00:00',36,184,3,'2018-02-27 00:00:00'),(1431,'2018-03-13 00:00:00',124,79,7,'2018-03-19 00:00:00'),(1432,'2018-03-18 00:00:00',62,116,3,'2018-03-24 00:00:00'),(1433,'2018-02-25 00:00:00',276,101,8,'2018-03-02 00:00:00'),(1434,'2018-03-31 00:00:00',97,111,8,'2018-04-02 00:00:00'),(1435,'2018-03-24 00:00:00',115,16,3,'2018-03-28 00:00:00'),(1436,'2018-01-28 00:00:00',149,52,8,'2018-01-31 00:00:00'),(1437,'2018-04-15 00:00:00',298,82,1,'2018-04-24 00:00:00'),(1438,'2018-04-20 00:00:00',26,59,3,'2018-04-22 00:00:00'),(1439,'2018-04-06 00:00:00',284,166,4,'2018-04-10 00:00:00'),(1440,'2018-04-19 00:00:00',147,93,9,'2018-04-24 00:00:00'),(1441,'2018-02-12 00:00:00',269,24,9,'2018-02-18 00:00:00'),(1442,'2018-04-11 00:00:00',156,128,7,'2018-04-21 00:00:00'),(1443,'2018-03-28 00:00:00',248,101,1,'2018-04-03 00:00:00'),(1444,'2018-02-20 00:00:00',220,113,6,'2018-02-25 00:00:00'),(1445,'2018-03-21 00:00:00',6,199,9,'2018-03-23 00:00:00'),(1446,'2018-02-27 00:00:00',92,128,4,'2018-03-06 00:00:00'),(1447,'2018-03-11 00:00:00',98,193,9,'2018-03-17 00:00:00'),(1448,'2018-03-18 00:00:00',287,97,6,'2018-03-23 00:00:00'),(1449,'2018-03-31 00:00:00',189,20,6,'2018-04-07 00:00:00'),(1450,'2018-02-24 00:00:00',155,21,9,'2018-03-02 00:00:00'),(1451,'2018-03-16 00:00:00',44,174,9,'2018-03-20 00:00:00'),(1452,'2018-01-29 00:00:00',17,70,6,'2018-02-08 00:00:00'),(1453,'2018-02-08 00:00:00',250,75,4,'2018-02-12 00:00:00'),(1454,'2018-04-08 00:00:00',241,167,8,'2018-04-10 00:00:00'),(1455,'2018-03-30 00:00:00',191,183,7,'2018-04-02 00:00:00'),(1456,'2018-02-28 00:00:00',102,118,9,'2018-03-02 00:00:00'),(1457,'2018-02-19 00:00:00',214,51,2,'2018-02-27 00:00:00'),(1458,'2018-04-11 00:00:00',40,25,3,'2018-04-17 00:00:00'),(1459,'2018-02-17 00:00:00',87,148,9,'2018-02-26 00:00:00'),(1460,'2018-01-27 00:00:00',223,144,4,'2018-02-01 00:00:00'),(1461,'2018-02-10 00:00:00',91,175,5,'2018-02-16 00:00:00'),(1462,'2018-02-17 00:00:00',292,34,9,'2018-02-21 00:00:00'),(1463,'2018-04-20 00:00:00',36,53,10,NULL),(1464,'2018-04-20 00:00:00',60,44,5,'2018-04-24 00:00:00'),(1465,'2018-02-10 00:00:00',139,115,5,'2018-02-17 00:00:00'),(1466,'2018-02-27 00:00:00',6,113,8,'2018-03-02 00:00:00'),(1467,'2018-04-14 00:00:00',234,52,9,'2018-04-18 00:00:00'),(1468,'2018-04-22 00:00:00',116,56,3,NULL),(1469,'2018-02-05 00:00:00',16,12,2,'2018-02-13 00:00:00'),(1470,'2018-04-09 00:00:00',185,7,4,'2018-04-11 00:00:00'),(1471,'2018-03-17 00:00:00',198,149,8,'2018-03-20 00:00:00'),(1472,'2018-03-09 00:00:00',263,111,2,'2018-03-13 00:00:00'),(1473,'2018-04-20 00:00:00',213,52,2,NULL),(1474,'2018-04-20 00:00:00',104,130,3,NULL),(1475,'2018-04-12 00:00:00',131,61,3,'2018-04-22 00:00:00'),(1476,'2018-03-26 00:00:00',250,98,9,'2018-04-01 00:00:00'),(1477,'2018-04-05 00:00:00',124,90,1,'2018-04-09 00:00:00'),(1478,'2018-02-22 00:00:00',230,151,5,'2018-02-27 00:00:00'),(1479,'2018-03-23 00:00:00',102,91,3,'2018-03-26 00:00:00'),(1480,'2018-01-29 00:00:00',257,95,8,'2018-02-08 00:00:00'),(1481,'2018-03-07 00:00:00',240,35,5,'2018-03-11 00:00:00'),(1482,'2018-02-15 00:00:00',239,149,4,'2018-02-20 00:00:00'),(1483,'2018-03-17 00:00:00',65,159,4,'2018-03-20 00:00:00'),(1484,'2018-03-29 00:00:00',50,125,7,'2018-04-03 00:00:00'),(1485,'2018-04-02 00:00:00',289,161,2,'2018-04-07 00:00:00'),(1486,'2018-03-28 00:00:00',66,9,6,'2018-03-30 00:00:00'),(1487,'2018-02-24 00:00:00',16,89,1,'2018-03-03 00:00:00'),(1488,'2018-02-13 00:00:00',56,163,6,'2018-02-21 00:00:00'),(1489,'2018-04-07 00:00:00',46,145,3,'2018-04-12 00:00:00'),(1490,'2018-03-25 00:00:00',292,139,6,'2018-03-30 00:00:00'),(1491,'2018-02-09 00:00:00',41,183,2,'2018-02-18 00:00:00'),(1492,'2018-04-15 00:00:00',118,34,7,'2018-04-24 00:00:00'),(1493,'2018-02-08 00:00:00',97,24,7,'2018-02-11 00:00:00'),(1494,'2018-02-08 00:00:00',17,70,6,'2018-02-12 00:00:00'),(1495,'2018-04-05 00:00:00',199,150,8,'2018-04-14 00:00:00'),(1496,'2018-03-04 00:00:00',285,33,10,'2018-03-10 00:00:00'),(1497,'2018-03-18 00:00:00',286,15,5,'2018-03-22 00:00:00'),(1498,'2018-04-01 00:00:00',18,4,9,'2018-04-09 00:00:00'),(1499,'2018-03-18 00:00:00',173,161,4,'2018-03-23 00:00:00'),(1500,'2018-04-06 00:00:00',12,5,10,'2018-04-14 00:00:00'),(1501,'2018-02-04 00:00:00',138,10,9,'2018-02-09 00:00:00'),(1502,'2018-04-15 00:00:00',87,141,7,'2018-04-24 00:00:00'),(1503,'2018-02-06 00:00:00',90,116,10,'2018-02-16 00:00:00'),(1504,'2018-03-26 00:00:00',136,45,8,'2018-04-02 00:00:00'),(1505,'2018-04-12 00:00:00',95,113,9,'2018-04-17 00:00:00'),(1506,'2018-02-26 00:00:00',263,146,1,'2018-03-04 00:00:00'),(1507,'2018-02-05 00:00:00',274,131,6,'2018-02-09 00:00:00'),(1508,'2018-02-24 00:00:00',187,190,9,'2018-03-04 00:00:00'),(1509,'2018-03-01 00:00:00',206,110,7,'2018-03-05 00:00:00'),(1510,'2018-04-01 00:00:00',167,119,4,'2018-04-03 00:00:00'),(1511,'2018-02-24 00:00:00',172,188,10,'2018-02-28 00:00:00'),(1512,'2018-04-11 00:00:00',10,20,5,'2018-04-18 00:00:00'),(1513,'2018-01-25 00:00:00',218,45,9,'2018-01-28 00:00:00'),(1514,'2018-01-25 00:00:00',266,181,9,'2018-01-28 00:00:00'),(1515,'2018-02-25 00:00:00',132,37,6,'2018-03-04 00:00:00'),(1516,'2018-04-20 00:00:00',199,92,4,NULL),(1517,'2018-04-17 00:00:00',68,134,7,'2018-04-23 00:00:00'),(1518,'2018-03-30 00:00:00',55,142,1,'2018-04-04 00:00:00'),(1519,'2018-04-11 00:00:00',295,136,5,'2018-04-14 00:00:00'),(1520,'2018-04-06 00:00:00',178,11,5,'2018-04-13 00:00:00'),(1521,'2018-03-18 00:00:00',1,56,4,'2018-03-22 00:00:00'),(1522,'2018-04-14 00:00:00',107,158,9,'2018-04-19 00:00:00'),(1523,'2018-04-19 00:00:00',248,71,3,NULL),(1524,'2018-03-28 00:00:00',110,176,4,'2018-04-04 00:00:00'),(1525,'2018-03-20 00:00:00',47,119,6,'2018-03-22 00:00:00'),(1526,'2018-02-12 00:00:00',154,89,7,'2018-02-17 00:00:00'),(1527,'2018-04-16 00:00:00',142,67,3,'2018-04-21 00:00:00'),(1528,'2018-03-29 00:00:00',71,69,10,'2018-04-05 00:00:00'),(1529,'2018-01-28 00:00:00',52,85,6,'2018-02-05 00:00:00'),(1530,'2018-02-22 00:00:00',66,112,2,'2018-03-03 00:00:00'),(1531,'2018-01-26 00:00:00',197,145,7,'2018-02-01 00:00:00'),(1532,'2018-04-21 00:00:00',285,30,9,NULL),(1533,'2018-02-03 00:00:00',192,122,2,'2018-02-12 00:00:00'),(1534,'2018-02-08 00:00:00',82,22,7,'2018-02-16 00:00:00'),(1535,'2018-04-02 00:00:00',177,152,1,'2018-04-04 00:00:00'),(1536,'2018-02-06 00:00:00',126,102,3,'2018-02-10 00:00:00'),(1537,'2018-03-14 00:00:00',132,103,3,'2018-03-20 00:00:00'),(1538,'2018-02-03 00:00:00',248,8,7,'2018-02-11 00:00:00'),(1539,'2018-03-15 00:00:00',17,10,2,'2018-03-18 00:00:00'),(1540,'2018-02-04 00:00:00',149,119,5,'2018-02-11 00:00:00'),(1541,'2018-02-23 00:00:00',96,1,1,'2018-03-04 00:00:00'),(1542,'2018-02-06 00:00:00',101,148,7,'2018-02-16 00:00:00'),(1543,'2018-04-04 00:00:00',117,186,5,'2018-04-06 00:00:00'),(1544,'2018-03-04 00:00:00',12,29,6,'2018-03-09 00:00:00'),(1545,'2018-02-01 00:00:00',121,67,5,'2018-02-05 00:00:00'),(1546,'2018-03-28 00:00:00',179,139,7,'2018-03-31 00:00:00'),(1547,'2018-03-28 00:00:00',123,133,2,'2018-04-03 00:00:00'),(1548,'2018-03-16 00:00:00',32,178,2,'2018-03-25 00:00:00'),(1549,'2018-02-21 00:00:00',20,169,1,'2018-03-02 00:00:00'),(1550,'2018-02-25 00:00:00',176,123,4,'2018-02-28 00:00:00'),(1551,'2018-02-14 00:00:00',290,56,5,'2018-02-23 00:00:00'),(1552,'2018-02-11 00:00:00',278,89,5,'2018-02-14 00:00:00'),(1553,'2018-02-07 00:00:00',298,52,4,'2018-02-16 00:00:00'),(1554,'2018-02-18 00:00:00',119,168,1,'2018-02-26 00:00:00'),(1555,'2018-03-07 00:00:00',119,39,8,'2018-03-14 00:00:00'),(1556,'2018-03-28 00:00:00',224,73,6,'2018-03-31 00:00:00'),(1557,'2018-02-14 00:00:00',101,57,5,'2018-02-17 00:00:00'),(1558,'2018-01-27 00:00:00',190,168,4,'2018-01-30 00:00:00'),(1559,'2018-01-29 00:00:00',104,44,1,'2018-02-07 00:00:00'),(1560,'2018-03-27 00:00:00',11,40,9,'2018-04-06 00:00:00'),(1561,'2018-02-11 00:00:00',115,169,2,'2018-02-16 00:00:00'),(1562,'2018-02-05 00:00:00',255,195,4,'2018-02-08 00:00:00'),(1563,'2018-04-13 00:00:00',236,174,10,'2018-04-15 00:00:00'),(1564,'2018-03-29 00:00:00',164,60,9,'2018-04-04 00:00:00'),(1565,'2018-03-22 00:00:00',42,193,5,'2018-03-26 00:00:00'),(1566,'2018-04-12 00:00:00',192,197,1,'2018-04-17 00:00:00'),(1567,'2018-04-13 00:00:00',83,161,3,'2018-04-19 00:00:00'),(1568,'2018-03-02 00:00:00',252,49,7,'2018-03-07 00:00:00'),(1569,'2018-02-20 00:00:00',6,166,2,'2018-02-25 00:00:00'),(1570,'2018-04-11 00:00:00',176,68,9,'2018-04-15 00:00:00'),(1571,'2018-02-23 00:00:00',262,9,6,'2018-03-03 00:00:00'),(1572,'2018-03-20 00:00:00',7,41,10,'2018-03-27 00:00:00'),(1573,'2018-04-10 00:00:00',279,6,4,'2018-04-19 00:00:00'),(1574,'2018-03-02 00:00:00',83,190,9,'2018-03-10 00:00:00'),(1575,'2018-02-11 00:00:00',163,33,3,'2018-02-14 00:00:00'),(1576,'2018-03-21 00:00:00',178,188,9,'2018-03-26 00:00:00'),(1577,'2018-02-09 00:00:00',20,83,9,'2018-02-13 00:00:00'),(1578,'2018-04-15 00:00:00',3,95,4,'2018-04-24 00:00:00'),(1579,'2018-03-28 00:00:00',77,198,3,'2018-04-02 00:00:00'),(1580,'2018-01-25 00:00:00',278,99,7,'2018-01-30 00:00:00'),(1581,'2018-04-16 00:00:00',73,185,9,'2018-04-19 00:00:00'),(1582,'2018-02-19 00:00:00',21,164,9,'2018-02-28 00:00:00'),(1583,'2018-04-17 00:00:00',244,55,9,'2018-04-24 00:00:00'),(1584,'2018-04-10 00:00:00',201,174,4,'2018-04-19 00:00:00'),(1585,'2018-04-11 00:00:00',209,123,10,'2018-04-18 00:00:00'),(1586,'2018-04-12 00:00:00',232,195,6,'2018-04-19 00:00:00'),(1587,'2018-03-11 00:00:00',116,126,10,'2018-03-19 00:00:00'),(1588,'2018-01-25 00:00:00',41,122,7,'2018-01-27 00:00:00'),(1589,'2018-03-23 00:00:00',42,36,5,'2018-04-01 00:00:00'),(1590,'2018-02-09 00:00:00',32,74,6,'2018-02-17 00:00:00'),(1591,'2018-03-05 00:00:00',29,7,9,'2018-03-08 00:00:00'),(1592,'2018-03-29 00:00:00',6,153,8,'2018-04-06 00:00:00'),(1593,'2018-03-01 00:00:00',137,67,4,'2018-03-08 00:00:00'),(1594,'2018-02-27 00:00:00',201,165,2,'2018-03-05 00:00:00'),(1595,'2018-04-11 00:00:00',36,135,1,'2018-04-15 00:00:00'),(1596,'2018-04-20 00:00:00',158,52,7,'2018-04-23 00:00:00'),(1597,'2018-02-16 00:00:00',226,197,7,'2018-02-23 00:00:00'),(1598,'2018-03-20 00:00:00',119,51,2,'2018-03-29 00:00:00'),(1599,'2018-02-05 00:00:00',258,166,6,'2018-02-11 00:00:00'),(1600,'2018-03-26 00:00:00',170,24,9,'2018-04-04 00:00:00'),(1601,'2018-04-19 00:00:00',277,196,2,'2018-04-23 00:00:00'),(1602,'2018-03-24 00:00:00',214,107,6,'2018-03-29 00:00:00'),(1603,'2018-04-16 00:00:00',184,151,9,'2018-04-24 00:00:00'),(1604,'2018-03-17 00:00:00',32,141,3,'2018-03-21 00:00:00'),(1605,'2018-03-28 00:00:00',60,148,2,'2018-04-02 00:00:00'),(1606,'2018-04-21 00:00:00',272,110,1,NULL),(1607,'2018-03-09 00:00:00',169,114,2,'2018-03-14 00:00:00'),(1608,'2018-04-17 00:00:00',57,60,9,NULL),(1609,'2018-02-14 00:00:00',246,7,7,'2018-02-16 00:00:00'),(1610,'2018-03-30 00:00:00',188,54,5,'2018-04-03 00:00:00'),(1611,'2018-02-19 00:00:00',245,143,2,'2018-02-27 00:00:00'),(1612,'2018-03-11 00:00:00',218,105,5,'2018-03-13 00:00:00'),(1613,'2018-04-19 00:00:00',130,85,8,NULL),(1614,'2018-03-29 00:00:00',74,115,2,'2018-04-02 00:00:00'),(1615,'2018-01-31 00:00:00',84,154,1,'2018-02-04 00:00:00'),(1616,'2018-03-30 00:00:00',20,81,8,'2018-04-09 00:00:00'),(1617,'2018-01-28 00:00:00',115,152,7,'2018-01-30 00:00:00'),(1618,'2018-04-19 00:00:00',289,33,9,'2018-04-23 00:00:00'),(1619,'2018-04-18 00:00:00',175,54,6,'2018-04-24 00:00:00'),(1620,'2018-04-15 00:00:00',119,155,7,'2018-04-23 00:00:00'),(1621,'2018-04-17 00:00:00',72,67,9,'2018-04-21 00:00:00'),(1622,'2018-03-19 00:00:00',256,51,7,'2018-03-21 00:00:00'),(1623,'2018-02-18 00:00:00',141,152,5,'2018-02-24 00:00:00'),(1624,'2018-02-16 00:00:00',164,55,8,'2018-02-19 00:00:00'),(1625,'2018-03-14 00:00:00',205,81,10,'2018-03-16 00:00:00'),(1626,'2018-02-02 00:00:00',187,25,8,'2018-02-09 00:00:00'),(1627,'2018-03-21 00:00:00',1,28,7,'2018-03-28 00:00:00'),(1628,'2018-01-31 00:00:00',113,197,8,'2018-02-07 00:00:00'),(1629,'2018-04-22 00:00:00',119,181,4,NULL),(1630,'2018-04-19 00:00:00',178,108,9,'2018-04-22 00:00:00'),(1631,'2018-04-08 00:00:00',147,49,8,'2018-04-13 00:00:00'),(1632,'2018-01-29 00:00:00',236,73,5,'2018-02-04 00:00:00'),(1633,'2018-04-09 00:00:00',194,192,9,'2018-04-14 00:00:00'),(1634,'2018-02-09 00:00:00',281,89,5,'2018-02-12 00:00:00'),(1635,'2018-04-15 00:00:00',92,115,10,'2018-04-20 00:00:00'),(1636,'2018-04-17 00:00:00',49,77,5,'2018-04-23 00:00:00'),(1637,'2018-01-28 00:00:00',234,61,3,'2018-02-03 00:00:00'),(1638,'2018-03-13 00:00:00',189,105,8,'2018-03-17 00:00:00'),(1639,'2018-04-02 00:00:00',20,132,2,'2018-04-08 00:00:00'),(1640,'2018-04-02 00:00:00',144,96,9,'2018-04-09 00:00:00'),(1641,'2018-03-29 00:00:00',1,61,6,'2018-04-05 00:00:00'),(1642,'2018-03-31 00:00:00',92,174,5,'2018-04-04 00:00:00'),(1643,'2018-03-06 00:00:00',99,97,5,'2018-03-11 00:00:00'),(1644,'2018-02-21 00:00:00',190,151,9,'2018-02-24 00:00:00'),(1645,'2018-04-15 00:00:00',10,114,8,'2018-04-24 00:00:00'),(1646,'2018-03-13 00:00:00',110,77,8,'2018-03-16 00:00:00'),(1647,'2018-01-29 00:00:00',176,15,6,'2018-02-02 00:00:00'),(1648,'2018-03-24 00:00:00',283,28,9,'2018-03-28 00:00:00'),(1649,'2018-02-15 00:00:00',139,177,1,'2018-02-18 00:00:00'),(1650,'2018-03-06 00:00:00',78,112,1,'2018-03-13 00:00:00'),(1651,'2018-03-14 00:00:00',124,122,8,'2018-03-17 00:00:00'),(1652,'2018-04-07 00:00:00',263,189,2,'2018-04-13 00:00:00'),(1653,'2018-01-26 00:00:00',79,160,3,'2018-02-04 00:00:00'),(1654,'2018-01-31 00:00:00',238,124,7,'2018-02-03 00:00:00'),(1655,'2018-02-16 00:00:00',153,182,1,'2018-02-22 00:00:00'),(1656,'2018-03-24 00:00:00',67,33,2,'2018-03-31 00:00:00'),(1657,'2018-02-15 00:00:00',85,18,6,'2018-02-18 00:00:00'),(1658,'2018-02-23 00:00:00',248,89,8,'2018-03-02 00:00:00'),(1659,'2018-03-26 00:00:00',17,14,3,'2018-03-31 00:00:00'),(1660,'2018-02-23 00:00:00',281,68,9,'2018-03-03 00:00:00'),(1661,'2018-03-24 00:00:00',101,94,4,'2018-03-27 00:00:00'),(1662,'2018-04-21 00:00:00',227,18,2,NULL),(1663,'2018-03-08 00:00:00',20,190,6,'2018-03-11 00:00:00'),(1664,'2018-02-02 00:00:00',158,19,9,'2018-02-11 00:00:00'),(1665,'2018-03-08 00:00:00',87,189,9,'2018-03-11 00:00:00'),(1666,'2018-03-13 00:00:00',69,196,3,'2018-03-21 00:00:00'),(1667,'2018-04-11 00:00:00',203,67,7,'2018-04-13 00:00:00'),(1668,'2018-04-11 00:00:00',167,82,4,'2018-04-19 00:00:00'),(1669,'2018-02-24 00:00:00',240,107,3,'2018-02-27 00:00:00'),(1670,'2018-02-16 00:00:00',88,151,9,'2018-02-25 00:00:00'),(1671,'2018-02-13 00:00:00',10,189,7,'2018-02-16 00:00:00'),(1672,'2018-03-27 00:00:00',86,102,7,'2018-04-03 00:00:00'),(1673,'2018-02-03 00:00:00',73,14,7,'2018-02-08 00:00:00'),(1674,'2018-04-05 00:00:00',269,156,3,'2018-04-14 00:00:00'),(1675,'2018-03-20 00:00:00',245,143,2,'2018-03-28 00:00:00'),(1676,'2018-04-11 00:00:00',216,187,6,'2018-04-15 00:00:00'),(1677,'2018-02-18 00:00:00',51,132,8,'2018-02-20 00:00:00'),(1678,'2018-01-30 00:00:00',247,29,3,'2018-02-04 00:00:00'),(1679,'2018-02-15 00:00:00',4,179,5,'2018-02-17 00:00:00'),(1680,'2018-04-07 00:00:00',12,126,1,'2018-04-13 00:00:00'),(1681,'2018-04-01 00:00:00',39,22,2,'2018-04-04 00:00:00'),(1682,'2018-03-01 00:00:00',36,167,8,'2018-03-08 00:00:00'),(1683,'2018-03-02 00:00:00',174,100,8,'2018-03-08 00:00:00'),(1684,'2018-04-01 00:00:00',90,175,5,'2018-04-05 00:00:00'),(1685,'2018-04-19 00:00:00',56,107,2,NULL),(1686,'2018-02-01 00:00:00',180,37,2,'2018-02-05 00:00:00'),(1687,'2018-04-19 00:00:00',41,23,2,NULL),(1688,'2018-04-10 00:00:00',78,54,6,'2018-04-15 00:00:00'),(1689,'2018-01-27 00:00:00',20,147,5,'2018-01-31 00:00:00'),(1690,'2018-04-11 00:00:00',22,93,2,'2018-04-15 00:00:00'),(1691,'2018-04-16 00:00:00',127,141,3,'2018-04-19 00:00:00'),(1692,'2018-04-21 00:00:00',66,102,9,NULL),(1693,'2018-02-03 00:00:00',98,45,2,'2018-02-11 00:00:00'),(1694,'2018-04-17 00:00:00',81,131,5,NULL),(1695,'2018-03-25 00:00:00',104,185,6,'2018-03-29 00:00:00'),(1696,'2018-03-09 00:00:00',222,188,5,'2018-03-13 00:00:00'),(1697,'2018-02-28 00:00:00',39,172,9,'2018-03-07 00:00:00'),(1698,'2018-01-25 00:00:00',9,108,7,'2018-01-29 00:00:00'),(1699,'2018-03-13 00:00:00',270,27,10,'2018-03-19 00:00:00'),(1700,'2018-04-18 00:00:00',151,183,2,'2018-04-24 00:00:00'),(1701,'2018-02-24 00:00:00',68,82,4,'2018-02-28 00:00:00'),(1702,'2018-02-28 00:00:00',271,135,7,'2018-03-10 00:00:00'),(1703,'2018-02-24 00:00:00',13,43,9,'2018-03-06 00:00:00'),(1704,'2018-04-23 00:00:00',59,49,7,NULL),(1705,'2018-03-20 00:00:00',57,146,2,'2018-03-23 00:00:00'),(1706,'2018-04-05 00:00:00',92,36,10,'2018-04-13 00:00:00'),(1707,'2018-03-24 00:00:00',258,195,4,'2018-04-01 00:00:00'),(1708,'2018-03-08 00:00:00',292,152,9,'2018-03-16 00:00:00'),(1709,'2018-04-17 00:00:00',155,67,2,NULL),(1710,'2018-02-26 00:00:00',289,101,7,'2018-03-06 00:00:00'),(1711,'2018-02-28 00:00:00',30,185,4,'2018-03-03 00:00:00'),(1712,'2018-02-01 00:00:00',3,78,9,'2018-02-07 00:00:00'),(1713,'2018-03-19 00:00:00',293,38,1,'2018-03-23 00:00:00'),(1714,'2018-02-27 00:00:00',155,189,3,'2018-03-08 00:00:00'),(1715,'2018-04-14 00:00:00',110,7,1,'2018-04-23 00:00:00'),(1716,'2018-04-07 00:00:00',38,86,8,'2018-04-15 00:00:00'),(1717,'2018-03-04 00:00:00',257,150,3,'2018-03-10 00:00:00'),(1718,'2018-04-06 00:00:00',144,35,5,'2018-04-11 00:00:00'),(1719,'2018-03-07 00:00:00',167,98,8,'2018-03-12 00:00:00'),(1720,'2018-03-22 00:00:00',135,146,4,'2018-03-28 00:00:00'),(1721,'2018-03-24 00:00:00',254,182,1,'2018-04-01 00:00:00'),(1722,'2018-03-22 00:00:00',198,10,3,'2018-03-30 00:00:00'),(1723,'2018-04-12 00:00:00',279,15,6,'2018-04-21 00:00:00'),(1724,'2018-03-05 00:00:00',275,49,5,'2018-03-08 00:00:00'),(1725,'2018-03-03 00:00:00',150,193,4,'2018-03-12 00:00:00'),(1726,'2018-02-23 00:00:00',226,23,4,'2018-03-01 00:00:00'),(1727,'2018-04-06 00:00:00',177,170,5,'2018-04-08 00:00:00'),(1728,'2018-04-03 00:00:00',33,55,1,'2018-04-11 00:00:00'),(1729,'2018-04-06 00:00:00',125,138,3,'2018-04-14 00:00:00'),(1730,'2018-01-29 00:00:00',218,60,4,'2018-02-01 00:00:00'),(1731,'2018-04-01 00:00:00',195,2,2,'2018-04-04 00:00:00'),(1732,'2018-01-27 00:00:00',210,30,7,'2018-01-30 00:00:00'),(1733,'2018-02-17 00:00:00',182,150,9,'2018-02-25 00:00:00'),(1734,'2018-04-16 00:00:00',12,46,1,'2018-04-23 00:00:00'),(1735,'2018-03-22 00:00:00',120,63,4,'2018-03-31 00:00:00'),(1736,'2018-02-03 00:00:00',24,67,5,'2018-02-08 00:00:00'),(1737,'2018-04-17 00:00:00',249,66,2,'2018-04-24 00:00:00'),(1738,'2018-02-20 00:00:00',135,64,3,'2018-02-24 00:00:00'),(1739,'2018-03-01 00:00:00',157,166,6,'2018-03-05 00:00:00'),(1740,'2018-03-19 00:00:00',273,181,8,'2018-03-23 00:00:00'),(1741,'2018-03-29 00:00:00',85,65,8,'2018-03-31 00:00:00'),(1742,'2018-02-01 00:00:00',86,164,3,'2018-02-05 00:00:00'),(1743,'2018-04-03 00:00:00',102,95,4,'2018-04-08 00:00:00'),(1744,'2018-03-21 00:00:00',213,53,3,'2018-03-29 00:00:00'),(1745,'2018-04-15 00:00:00',84,135,6,'2018-04-24 00:00:00'),(1746,'2018-02-01 00:00:00',226,137,2,'2018-02-09 00:00:00'),(1747,'2018-02-18 00:00:00',157,40,5,'2018-02-21 00:00:00'),(1748,'2018-03-07 00:00:00',67,7,5,'2018-03-12 00:00:00'),(1749,'2018-03-28 00:00:00',75,36,2,'2018-03-30 00:00:00'),(1750,'2018-04-13 00:00:00',192,120,2,'2018-04-17 00:00:00'),(1751,'2018-02-26 00:00:00',165,18,8,'2018-03-07 00:00:00'),(1752,'2018-04-21 00:00:00',224,8,9,NULL),(1753,'2018-02-20 00:00:00',193,35,9,'2018-02-25 00:00:00'),(1754,'2018-04-11 00:00:00',9,95,4,'2018-04-20 00:00:00'),(1755,'2018-04-19 00:00:00',156,121,5,'2018-04-24 00:00:00'),(1756,'2018-03-10 00:00:00',5,153,8,'2018-03-13 00:00:00'),(1757,'2018-02-28 00:00:00',216,94,3,'2018-03-08 00:00:00'),(1758,'2018-04-05 00:00:00',256,160,5,'2018-04-11 00:00:00'),(1759,'2018-02-09 00:00:00',96,65,7,'2018-02-17 00:00:00'),(1760,'2018-03-02 00:00:00',68,26,10,'2018-03-12 00:00:00'),(1761,'2018-03-20 00:00:00',27,60,3,'2018-03-22 00:00:00'),(1762,'2018-02-15 00:00:00',83,50,5,'2018-02-23 00:00:00'),(1763,'2018-01-24 00:00:00',243,155,5,'2018-02-01 00:00:00'),(1764,'2018-02-17 00:00:00',61,114,3,'2018-02-23 00:00:00'),(1765,'2018-03-14 00:00:00',118,63,5,'2018-03-20 00:00:00'),(1766,'2018-04-19 00:00:00',27,59,3,'2018-04-21 00:00:00'),(1767,'2018-02-23 00:00:00',25,33,6,'2018-02-28 00:00:00'),(1768,'2018-04-09 00:00:00',258,138,9,'2018-04-18 00:00:00'),(1769,'2018-03-28 00:00:00',80,168,5,'2018-04-06 00:00:00'),(1770,'2018-02-07 00:00:00',86,188,9,'2018-02-10 00:00:00'),(1771,'2018-03-28 00:00:00',198,116,9,'2018-04-06 00:00:00'),(1772,'2018-02-07 00:00:00',253,157,4,'2018-02-13 00:00:00'),(1773,'2018-03-20 00:00:00',269,53,6,'2018-03-25 00:00:00'),(1774,'2018-04-02 00:00:00',71,1,4,'2018-04-07 00:00:00'),(1775,'2018-03-10 00:00:00',130,82,8,'2018-03-17 00:00:00'),(1776,'2018-03-12 00:00:00',86,3,3,'2018-03-15 00:00:00'),(1777,'2018-02-01 00:00:00',87,86,3,'2018-02-03 00:00:00'),(1778,'2018-04-19 00:00:00',291,117,1,'2018-04-24 00:00:00'),(1779,'2018-02-12 00:00:00',175,72,1,'2018-02-15 00:00:00'),(1780,'2018-04-17 00:00:00',33,149,5,'2018-04-21 00:00:00'),(1781,'2018-03-03 00:00:00',155,127,7,'2018-03-10 00:00:00'),(1782,'2018-04-06 00:00:00',276,62,8,'2018-04-09 00:00:00'),(1783,'2018-03-24 00:00:00',280,20,7,'2018-03-28 00:00:00'),(1784,'2018-02-11 00:00:00',259,191,3,'2018-02-17 00:00:00'),(1785,'2018-02-02 00:00:00',285,32,9,'2018-02-08 00:00:00'),(1786,'2018-04-08 00:00:00',248,186,3,'2018-04-11 00:00:00'),(1787,'2018-04-14 00:00:00',174,193,2,'2018-04-24 00:00:00'),(1788,'2018-03-11 00:00:00',171,47,5,'2018-03-15 00:00:00'),(1789,'2018-02-08 00:00:00',215,88,1,'2018-02-10 00:00:00'),(1790,'2018-01-27 00:00:00',7,149,7,'2018-02-04 00:00:00'),(1791,'2018-04-21 00:00:00',236,83,7,'2018-04-24 00:00:00'),(1792,'2018-03-31 00:00:00',47,45,7,'2018-04-03 00:00:00'),(1793,'2018-03-04 00:00:00',208,168,2,'2018-03-13 00:00:00'),(1794,'2018-01-30 00:00:00',67,137,8,'2018-02-07 00:00:00'),(1795,'2018-03-24 00:00:00',81,193,1,'2018-03-30 00:00:00'),(1796,'2018-02-28 00:00:00',133,171,9,'2018-03-06 00:00:00'),(1797,'2018-04-20 00:00:00',253,10,7,NULL),(1798,'2018-03-18 00:00:00',90,155,10,'2018-03-27 00:00:00'),(1799,'2018-03-19 00:00:00',253,2,5,'2018-03-24 00:00:00'),(1800,'2018-03-31 00:00:00',238,86,8,'2018-04-06 00:00:00'),(1801,'2018-03-06 00:00:00',127,177,2,'2018-03-11 00:00:00'),(1802,'2018-04-16 00:00:00',185,34,10,NULL),(1803,'2018-03-21 00:00:00',145,133,9,'2018-03-30 00:00:00'),(1804,'2018-03-22 00:00:00',250,125,7,'2018-03-25 00:00:00'),(1805,'2018-04-02 00:00:00',264,88,6,'2018-04-07 00:00:00'),(1806,'2018-03-11 00:00:00',81,21,7,'2018-03-19 00:00:00'),(1807,'2018-03-27 00:00:00',135,164,8,'2018-04-02 00:00:00'),(1808,'2018-03-25 00:00:00',257,37,4,'2018-03-30 00:00:00'),(1809,'2018-04-11 00:00:00',268,99,8,'2018-04-18 00:00:00'),(1810,'2018-03-09 00:00:00',76,118,3,'2018-03-15 00:00:00'),(1811,'2018-04-07 00:00:00',27,93,1,'2018-04-12 00:00:00'),(1812,'2018-02-08 00:00:00',198,41,1,'2018-02-10 00:00:00'),(1813,'2018-03-10 00:00:00',213,45,10,'2018-03-16 00:00:00'),(1814,'2018-04-04 00:00:00',18,172,2,'2018-04-07 00:00:00'),(1815,'2018-04-14 00:00:00',71,168,5,'2018-04-17 00:00:00'),(1816,'2018-01-30 00:00:00',52,56,9,'2018-02-03 00:00:00'),(1817,'2018-03-02 00:00:00',148,65,2,'2018-03-04 00:00:00'),(1818,'2018-02-23 00:00:00',211,139,4,'2018-03-05 00:00:00'),(1819,'2018-01-24 00:00:00',127,13,1,'2018-01-31 00:00:00'),(1820,'2018-04-22 00:00:00',181,47,4,NULL),(1821,'2018-03-14 00:00:00',292,19,6,'2018-03-18 00:00:00'),(1822,'2018-03-23 00:00:00',229,68,5,'2018-03-26 00:00:00'),(1823,'2018-03-28 00:00:00',111,140,5,'2018-03-30 00:00:00'),(1824,'2018-02-02 00:00:00',223,171,1,'2018-02-06 00:00:00'),(1825,'2018-02-22 00:00:00',59,48,6,'2018-02-26 00:00:00'),(1826,'2018-02-10 00:00:00',149,67,2,'2018-02-15 00:00:00'),(1827,'2018-02-08 00:00:00',257,54,8,'2018-02-15 00:00:00'),(1828,'2018-04-21 00:00:00',289,81,2,NULL),(1829,'2018-03-30 00:00:00',77,7,5,'2018-04-04 00:00:00'),(1830,'2018-02-04 00:00:00',137,125,8,'2018-02-08 00:00:00'),(1831,'2018-02-06 00:00:00',211,69,6,'2018-02-08 00:00:00'),(1832,'2018-04-22 00:00:00',45,5,7,NULL),(1833,'2018-03-30 00:00:00',292,160,2,'2018-04-04 00:00:00'),(1834,'2018-01-31 00:00:00',76,11,6,'2018-02-05 00:00:00'),(1835,'2018-03-19 00:00:00',24,4,9,'2018-03-25 00:00:00'),(1836,'2018-03-24 00:00:00',276,86,5,'2018-03-29 00:00:00'),(1837,'2018-04-01 00:00:00',165,111,2,'2018-04-03 00:00:00'),(1838,'2018-01-24 00:00:00',296,30,8,'2018-01-31 00:00:00'),(1839,'2018-03-22 00:00:00',138,156,6,'2018-03-28 00:00:00'),(1840,'2018-01-25 00:00:00',11,35,8,'2018-01-27 00:00:00'),(1841,'2018-02-14 00:00:00',37,190,5,'2018-02-23 00:00:00'),(1842,'2018-03-31 00:00:00',236,39,6,'2018-04-09 00:00:00'),(1843,'2018-03-22 00:00:00',34,89,9,'2018-03-24 00:00:00'),(1844,'2018-04-13 00:00:00',16,126,10,'2018-04-22 00:00:00'),(1845,'2018-04-18 00:00:00',128,34,6,'2018-04-23 00:00:00'),(1846,'2018-03-25 00:00:00',193,88,3,'2018-04-03 00:00:00'),(1847,'2018-04-20 00:00:00',206,72,8,NULL),(1848,'2018-03-05 00:00:00',62,63,10,'2018-03-12 00:00:00'),(1849,'2018-02-09 00:00:00',243,57,10,'2018-02-13 00:00:00'),(1850,'2018-02-13 00:00:00',269,190,2,'2018-02-22 00:00:00'),(1851,'2018-02-22 00:00:00',245,156,5,'2018-03-02 00:00:00'),(1852,'2018-02-04 00:00:00',208,53,3,'2018-02-07 00:00:00'),(1853,'2018-03-24 00:00:00',24,66,5,'2018-03-26 00:00:00'),(1854,'2018-04-17 00:00:00',50,161,6,'2018-04-24 00:00:00'),(1855,'2018-04-09 00:00:00',256,92,8,'2018-04-13 00:00:00'),(1856,'2018-03-25 00:00:00',35,61,3,'2018-03-30 00:00:00'),(1857,'2018-04-21 00:00:00',182,85,4,NULL),(1858,'2018-04-03 00:00:00',128,94,2,'2018-04-07 00:00:00'),(1859,'2018-03-12 00:00:00',221,197,7,'2018-03-16 00:00:00'),(1860,'2018-04-08 00:00:00',200,7,2,'2018-04-13 00:00:00'),(1861,'2018-02-05 00:00:00',3,174,4,'2018-02-13 00:00:00'),(1862,'2018-01-24 00:00:00',34,99,2,'2018-01-26 00:00:00'),(1863,'2018-04-09 00:00:00',188,174,5,'2018-04-14 00:00:00'),(1864,'2018-02-20 00:00:00',151,29,3,'2018-02-23 00:00:00'),(1865,'2018-03-05 00:00:00',90,182,7,'2018-03-09 00:00:00'),(1866,'2018-03-07 00:00:00',246,14,9,'2018-03-14 00:00:00'),(1867,'2018-04-13 00:00:00',91,63,7,'2018-04-21 00:00:00'),(1868,'2018-03-22 00:00:00',141,161,7,'2018-03-28 00:00:00'),(1869,'2018-02-18 00:00:00',103,124,2,'2018-02-26 00:00:00'),(1870,'2018-02-07 00:00:00',137,57,1,'2018-02-17 00:00:00'),(1871,'2018-03-08 00:00:00',164,15,7,'2018-03-12 00:00:00'),(1872,'2018-03-01 00:00:00',102,4,2,'2018-03-05 00:00:00'),(1873,'2018-03-28 00:00:00',146,120,6,'2018-04-01 00:00:00'),(1874,'2018-02-03 00:00:00',169,55,7,'2018-02-12 00:00:00'),(1875,'2018-02-07 00:00:00',143,152,4,'2018-02-11 00:00:00'),(1876,'2018-02-28 00:00:00',195,113,9,'2018-03-09 00:00:00'),(1877,'2018-02-19 00:00:00',112,32,7,'2018-02-28 00:00:00'),(1878,'2018-02-06 00:00:00',223,187,5,'2018-02-10 00:00:00'),(1879,'2018-02-21 00:00:00',142,88,8,'2018-02-25 00:00:00'),(1880,'2018-03-12 00:00:00',27,109,5,'2018-03-16 00:00:00'),(1881,'2018-02-15 00:00:00',255,197,4,'2018-02-20 00:00:00'),(1882,'2018-01-28 00:00:00',253,198,5,'2018-02-05 00:00:00'),(1883,'2018-02-12 00:00:00',74,94,6,'2018-02-21 00:00:00'),(1884,'2018-02-27 00:00:00',176,12,6,'2018-03-03 00:00:00'),(1885,'2018-03-18 00:00:00',72,142,9,'2018-03-24 00:00:00'),(1886,'2018-04-19 00:00:00',172,125,5,NULL),(1887,'2018-04-17 00:00:00',167,64,9,'2018-04-20 00:00:00'),(1888,'2018-02-10 00:00:00',205,147,7,'2018-02-14 00:00:00'),(1889,'2018-01-31 00:00:00',272,67,9,'2018-02-08 00:00:00'),(1890,'2018-03-21 00:00:00',85,75,1,'2018-03-28 00:00:00'),(1891,'2018-04-17 00:00:00',160,7,6,'2018-04-23 00:00:00'),(1892,'2018-04-04 00:00:00',103,104,6,'2018-04-09 00:00:00'),(1893,'2018-03-26 00:00:00',101,22,6,'2018-04-04 00:00:00'),(1894,'2018-04-07 00:00:00',128,71,5,'2018-04-14 00:00:00'),(1895,'2018-01-31 00:00:00',88,167,4,'2018-02-04 00:00:00'),(1896,'2018-02-04 00:00:00',15,165,10,'2018-02-07 00:00:00'),(1897,'2018-03-14 00:00:00',29,121,8,'2018-03-18 00:00:00'),(1898,'2018-02-03 00:00:00',147,150,4,'2018-02-07 00:00:00'),(1899,'2018-04-09 00:00:00',101,155,9,'2018-04-19 00:00:00'),(1900,'2018-04-20 00:00:00',196,121,2,NULL),(1901,'2018-02-14 00:00:00',215,195,8,'2018-02-18 00:00:00'),(1902,'2018-02-16 00:00:00',86,185,8,'2018-02-22 00:00:00'),(1903,'2018-04-20 00:00:00',101,3,1,NULL),(1904,'2018-04-08 00:00:00',11,12,3,'2018-04-16 00:00:00'),(1905,'2018-03-18 00:00:00',155,109,3,'2018-03-23 00:00:00'),(1906,'2018-03-31 00:00:00',24,15,2,'2018-04-08 00:00:00'),(1907,'2018-03-16 00:00:00',114,141,4,'2018-03-24 00:00:00'),(1908,'2018-02-13 00:00:00',249,132,8,'2018-02-22 00:00:00'),(1909,'2018-04-15 00:00:00',239,189,4,'2018-04-17 00:00:00'),(1910,'2018-02-06 00:00:00',138,59,2,'2018-02-08 00:00:00'),(1911,'2018-03-10 00:00:00',241,49,8,'2018-03-14 00:00:00'),(1912,'2018-03-27 00:00:00',162,87,6,'2018-03-30 00:00:00'),(1913,'2018-03-15 00:00:00',115,58,4,'2018-03-21 00:00:00'),(1914,'2018-02-02 00:00:00',224,55,2,'2018-02-08 00:00:00'),(1915,'2018-02-12 00:00:00',148,149,3,'2018-02-19 00:00:00'),(1916,'2018-04-20 00:00:00',258,28,2,NULL),(1917,'2018-04-21 00:00:00',87,163,3,NULL),(1918,'2018-03-31 00:00:00',164,146,1,'2018-04-07 00:00:00'),(1919,'2018-02-09 00:00:00',2,150,8,'2018-02-12 00:00:00'),(1920,'2018-03-01 00:00:00',42,106,3,'2018-03-06 00:00:00'),(1921,'2018-03-02 00:00:00',97,191,8,'2018-03-06 00:00:00'),(1922,'2018-03-25 00:00:00',261,50,7,'2018-03-30 00:00:00'),(1923,'2018-03-20 00:00:00',281,128,4,'2018-03-22 00:00:00'),(1924,'2018-04-22 00:00:00',151,156,5,NULL),(1925,'2018-02-25 00:00:00',74,24,9,'2018-02-27 00:00:00'),(1926,'2018-02-04 00:00:00',184,104,8,'2018-02-13 00:00:00'),(1927,'2018-03-03 00:00:00',13,29,6,'2018-03-08 00:00:00'),(1928,'2018-02-25 00:00:00',230,42,8,'2018-03-03 00:00:00'),(1929,'2018-04-21 00:00:00',147,143,2,NULL),(1930,'2018-03-01 00:00:00',87,81,2,'2018-03-03 00:00:00'),(1931,'2018-03-05 00:00:00',281,145,8,'2018-03-10 00:00:00'),(1932,'2018-02-07 00:00:00',172,80,3,'2018-02-16 00:00:00'),(1933,'2018-03-15 00:00:00',205,166,2,'2018-03-19 00:00:00'),(1934,'2018-01-28 00:00:00',182,112,10,'2018-02-03 00:00:00'),(1935,'2018-04-11 00:00:00',149,31,3,'2018-04-19 00:00:00'),(1936,'2018-02-08 00:00:00',299,176,5,'2018-02-16 00:00:00'),(1937,'2018-03-20 00:00:00',121,176,3,'2018-03-28 00:00:00'),(1938,'2018-03-07 00:00:00',115,23,5,'2018-03-14 00:00:00'),(1939,'2018-02-18 00:00:00',199,44,2,'2018-02-23 00:00:00'),(1940,'2018-04-16 00:00:00',275,19,7,NULL),(1941,'2018-04-01 00:00:00',290,81,2,'2018-04-04 00:00:00'),(1942,'2018-03-24 00:00:00',260,40,4,'2018-03-29 00:00:00'),(1943,'2018-04-03 00:00:00',44,44,7,'2018-04-06 00:00:00'),(1944,'2018-02-26 00:00:00',16,138,4,'2018-03-02 00:00:00'),(1945,'2018-02-19 00:00:00',90,130,4,'2018-02-23 00:00:00'),(1946,'2018-02-14 00:00:00',237,97,1,'2018-02-23 00:00:00'),(1947,'2018-02-24 00:00:00',136,4,7,'2018-02-27 00:00:00'),(1948,'2018-02-15 00:00:00',247,176,9,'2018-02-20 00:00:00'),(1949,'2018-01-25 00:00:00',243,119,6,'2018-01-28 00:00:00'),(1950,'2018-02-05 00:00:00',30,54,1,'2018-02-13 00:00:00'),(1951,'2018-03-14 00:00:00',31,47,9,'2018-03-17 00:00:00'),(1952,'2018-03-04 00:00:00',194,86,3,'2018-03-08 00:00:00'),(1953,'2018-02-18 00:00:00',254,46,6,'2018-02-20 00:00:00'),(1954,'2018-02-09 00:00:00',293,46,3,'2018-02-18 00:00:00'),(1955,'2018-03-23 00:00:00',204,190,7,'2018-03-26 00:00:00'),(1956,'2018-02-15 00:00:00',196,103,6,'2018-02-22 00:00:00'),(1957,'2018-03-08 00:00:00',226,156,7,'2018-03-15 00:00:00'),(1958,'2018-02-03 00:00:00',247,125,7,'2018-02-09 00:00:00'),(1959,'2018-04-17 00:00:00',74,149,10,'2018-04-23 00:00:00'),(1960,'2018-03-14 00:00:00',97,163,2,'2018-03-23 00:00:00'),(1961,'2018-04-21 00:00:00',60,84,6,NULL),(1962,'2018-02-13 00:00:00',214,188,6,'2018-02-17 00:00:00'),(1963,'2018-02-10 00:00:00',159,133,8,'2018-02-20 00:00:00'),(1964,'2018-02-23 00:00:00',199,183,6,'2018-02-26 00:00:00'),(1965,'2018-03-03 00:00:00',113,3,9,'2018-03-10 00:00:00'),(1966,'2018-04-08 00:00:00',140,146,3,'2018-04-12 00:00:00'),(1967,'2018-01-28 00:00:00',12,88,2,'2018-02-04 00:00:00'),(1968,'2018-04-15 00:00:00',209,100,5,NULL),(1969,'2018-03-10 00:00:00',252,83,6,'2018-03-14 00:00:00'),(1970,'2018-03-28 00:00:00',96,95,5,'2018-03-30 00:00:00'),(1971,'2018-02-27 00:00:00',107,169,2,'2018-03-06 00:00:00'),(1972,'2018-03-12 00:00:00',211,11,2,'2018-03-21 00:00:00'),(1973,'2018-03-02 00:00:00',198,169,3,'2018-03-08 00:00:00'),(1974,'2018-02-17 00:00:00',88,151,9,'2018-02-26 00:00:00'),(1975,'2018-03-28 00:00:00',204,54,4,'2018-04-05 00:00:00'),(1976,'2018-02-20 00:00:00',232,32,5,'2018-02-27 00:00:00'),(1977,'2018-03-25 00:00:00',157,144,1,'2018-03-29 00:00:00'),(1978,'2018-03-24 00:00:00',118,25,5,'2018-03-28 00:00:00'),(1979,'2018-04-13 00:00:00',62,139,9,'2018-04-16 00:00:00'),(1980,'2018-04-05 00:00:00',265,103,9,'2018-04-09 00:00:00'),(1981,'2018-01-28 00:00:00',132,4,8,'2018-01-30 00:00:00'),(1982,'2018-02-17 00:00:00',251,192,4,'2018-02-22 00:00:00'),(1983,'2018-02-28 00:00:00',253,165,6,'2018-03-03 00:00:00'),(1984,'2018-03-11 00:00:00',254,49,7,'2018-03-18 00:00:00'),(1985,'2018-02-25 00:00:00',4,97,5,'2018-02-28 00:00:00'),(1986,'2018-03-09 00:00:00',57,183,1,'2018-03-14 00:00:00'),(1987,'2018-03-21 00:00:00',246,149,3,'2018-03-29 00:00:00'),(1988,'2018-03-11 00:00:00',26,23,4,'2018-03-14 00:00:00'),(1989,'2018-04-18 00:00:00',21,118,8,'2018-04-22 00:00:00'),(1990,'2018-02-08 00:00:00',217,139,4,'2018-02-15 00:00:00'),(1991,'2018-03-16 00:00:00',264,139,9,'2018-03-20 00:00:00'),(1992,'2018-04-01 00:00:00',270,142,9,'2018-04-10 00:00:00'),(1993,'2018-04-17 00:00:00',1,95,4,NULL),(1994,'2018-03-21 00:00:00',235,115,6,'2018-03-29 00:00:00'),(1995,'2018-01-31 00:00:00',120,176,3,'2018-02-02 00:00:00'),(1996,'2018-02-03 00:00:00',93,35,9,'2018-02-11 00:00:00'),(1997,'2018-02-02 00:00:00',207,41,10,'2018-02-05 00:00:00'),(1998,'2018-04-12 00:00:00',173,101,8,'2018-04-20 00:00:00'),(1999,'2018-03-16 00:00:00',162,82,5,'2018-03-24 00:00:00'),(2000,'2018-02-10 00:00:00',263,118,4,'2018-02-14 00:00:00'),(2001,'2018-02-08 00:00:00',124,104,4,'2018-02-11 00:00:00'),(2002,'2018-04-04 00:00:00',109,163,10,'2018-04-14 00:00:00'),(2003,'2018-03-31 00:00:00',251,163,6,'2018-04-03 00:00:00'),(2004,'2018-04-09 00:00:00',46,196,5,'2018-04-18 00:00:00'),(2005,'2018-03-25 00:00:00',91,148,8,'2018-03-29 00:00:00'),(2006,'2018-02-18 00:00:00',294,44,2,'2018-02-22 00:00:00'),(2007,'2018-04-19 00:00:00',274,29,10,NULL),(2008,'2018-03-18 00:00:00',131,158,7,'2018-03-21 00:00:00'),(2009,'2018-02-11 00:00:00',11,183,5,'2018-02-14 00:00:00'),(2010,'2018-02-27 00:00:00',140,69,4,'2018-03-06 00:00:00'),(2011,'2018-03-08 00:00:00',207,101,5,'2018-03-15 00:00:00'),(2012,'2018-02-17 00:00:00',94,132,4,'2018-02-21 00:00:00'),(2013,'2018-03-19 00:00:00',232,178,2,'2018-03-29 00:00:00'),(2014,'2018-01-26 00:00:00',172,73,2,'2018-02-01 00:00:00'),(2015,'2018-03-02 00:00:00',264,124,5,'2018-03-11 00:00:00'),(2016,'2018-03-01 00:00:00',286,105,8,'2018-03-09 00:00:00'),(2017,'2018-04-06 00:00:00',269,82,4,'2018-04-14 00:00:00'),(2018,'2018-03-10 00:00:00',203,18,5,'2018-03-15 00:00:00'),(2019,'2018-02-17 00:00:00',7,156,8,'2018-02-23 00:00:00'),(2020,'2018-02-09 00:00:00',193,69,8,'2018-02-16 00:00:00'),(2021,'2018-02-06 00:00:00',58,21,9,'2018-02-16 00:00:00'),(2022,'2018-02-21 00:00:00',200,60,5,'2018-02-26 00:00:00'),(2023,'2018-03-07 00:00:00',120,81,8,'2018-03-11 00:00:00'),(2024,'2018-02-08 00:00:00',52,131,8,'2018-02-16 00:00:00'),(2025,'2018-04-17 00:00:00',215,7,10,'2018-04-20 00:00:00'),(2026,'2018-02-05 00:00:00',75,27,9,'2018-02-10 00:00:00'),(2027,'2018-04-09 00:00:00',7,159,9,'2018-04-12 00:00:00'),(2028,'2018-04-10 00:00:00',198,47,3,'2018-04-12 00:00:00'),(2029,'2018-04-05 00:00:00',261,171,7,'2018-04-11 00:00:00'),(2030,'2018-02-19 00:00:00',192,107,8,'2018-02-25 00:00:00'),(2031,'2018-03-27 00:00:00',166,59,8,'2018-04-02 00:00:00'),(2032,'2018-04-14 00:00:00',67,160,4,'2018-04-17 00:00:00'),(2033,'2018-04-01 00:00:00',140,122,7,'2018-04-05 00:00:00'),(2034,'2018-03-18 00:00:00',74,188,10,'2018-03-21 00:00:00'),(2035,'2018-01-24 00:00:00',150,40,5,'2018-01-27 00:00:00'),(2036,'2018-02-03 00:00:00',237,133,10,'2018-02-06 00:00:00'),(2037,'2018-03-17 00:00:00',292,146,7,'2018-03-19 00:00:00'),(2038,'2018-04-14 00:00:00',295,109,8,'2018-04-20 00:00:00'),(2039,'2018-03-14 00:00:00',88,174,5,'2018-03-20 00:00:00'),(2040,'2018-02-13 00:00:00',252,180,10,'2018-02-18 00:00:00'),(2041,'2018-02-19 00:00:00',40,102,2,'2018-02-21 00:00:00'),(2042,'2018-02-22 00:00:00',28,197,7,'2018-03-03 00:00:00'),(2043,'2018-03-30 00:00:00',107,94,3,'2018-04-04 00:00:00'),(2044,'2018-04-05 00:00:00',88,103,7,'2018-04-15 00:00:00'),(2045,'2018-02-02 00:00:00',168,87,5,'2018-02-08 00:00:00'),(2046,'2018-03-15 00:00:00',21,60,3,'2018-03-22 00:00:00'),(2047,'2018-04-13 00:00:00',9,144,6,'2018-04-19 00:00:00'),(2048,'2018-02-18 00:00:00',148,12,8,'2018-02-21 00:00:00'),(2049,'2018-02-07 00:00:00',165,60,9,'2018-02-16 00:00:00'),(2050,'2018-03-26 00:00:00',93,79,1,'2018-03-28 00:00:00'),(2051,'2018-03-27 00:00:00',217,45,10,'2018-03-30 00:00:00'),(2052,'2018-03-27 00:00:00',258,47,6,'2018-04-01 00:00:00'),(2053,'2018-04-02 00:00:00',108,112,7,'2018-04-07 00:00:00'),(2054,'2018-02-01 00:00:00',51,142,1,'2018-02-06 00:00:00'),(2055,'2018-03-19 00:00:00',188,9,4,'2018-03-24 00:00:00'),(2056,'2018-03-14 00:00:00',82,75,1,'2018-03-19 00:00:00'),(2057,'2018-02-07 00:00:00',5,32,8,'2018-02-11 00:00:00'),(2058,'2018-04-06 00:00:00',45,103,2,'2018-04-14 00:00:00'),(2059,'2018-04-14 00:00:00',104,66,6,'2018-04-17 00:00:00'),(2060,'2018-04-22 00:00:00',107,188,7,NULL),(2061,'2018-04-03 00:00:00',226,180,3,'2018-04-07 00:00:00'),(2062,'2018-03-11 00:00:00',12,22,5,'2018-03-19 00:00:00'),(2063,'2018-02-18 00:00:00',208,71,7,'2018-02-23 00:00:00'),(2064,'2018-03-22 00:00:00',177,149,10,'2018-03-30 00:00:00'),(2065,'2018-03-03 00:00:00',40,149,4,'2018-03-13 00:00:00'),(2066,'2018-03-15 00:00:00',166,49,6,'2018-03-18 00:00:00'),(2067,'2018-04-19 00:00:00',210,159,9,NULL),(2068,'2018-01-27 00:00:00',55,53,8,'2018-01-31 00:00:00'),(2069,'2018-04-21 00:00:00',24,179,3,NULL),(2070,'2018-03-05 00:00:00',104,146,6,'2018-03-15 00:00:00'),(2071,'2018-03-02 00:00:00',259,71,2,'2018-03-07 00:00:00'),(2072,'2018-02-14 00:00:00',98,132,4,'2018-02-19 00:00:00'),(2073,'2018-02-28 00:00:00',194,190,8,'2018-03-03 00:00:00'),(2074,'2018-04-10 00:00:00',103,125,2,'2018-04-15 00:00:00'),(2075,'2018-02-25 00:00:00',149,167,7,'2018-03-06 00:00:00'),(2076,'2018-02-02 00:00:00',178,118,2,'2018-02-08 00:00:00'),(2077,'2018-03-26 00:00:00',73,19,8,'2018-03-28 00:00:00'),(2078,'2018-02-17 00:00:00',92,83,2,'2018-02-25 00:00:00'),(2079,'2018-03-10 00:00:00',190,22,7,'2018-03-12 00:00:00'),(2080,'2018-02-19 00:00:00',277,198,3,'2018-02-23 00:00:00'),(2081,'2018-01-29 00:00:00',286,60,7,'2018-02-01 00:00:00'),(2082,'2018-04-03 00:00:00',205,120,9,'2018-04-07 00:00:00'),(2083,'2018-02-06 00:00:00',131,156,6,'2018-02-14 00:00:00'),(2084,'2018-02-26 00:00:00',262,64,10,'2018-03-03 00:00:00'),(2085,'2018-02-05 00:00:00',187,154,10,'2018-02-11 00:00:00'),(2086,'2018-02-26 00:00:00',13,127,2,'2018-03-01 00:00:00'),(2087,'2018-03-18 00:00:00',2,97,5,'2018-03-27 00:00:00'),(2088,'2018-03-02 00:00:00',216,102,5,'2018-03-10 00:00:00'),(2089,'2018-03-14 00:00:00',280,101,7,'2018-03-16 00:00:00'),(2090,'2018-04-21 00:00:00',297,181,6,'2018-04-23 00:00:00'),(2091,'2018-04-13 00:00:00',260,164,6,'2018-04-22 00:00:00'),(2092,'2018-04-19 00:00:00',132,11,9,NULL),(2093,'2018-02-02 00:00:00',117,57,3,'2018-02-06 00:00:00'),(2094,'2018-02-23 00:00:00',73,55,7,'2018-03-02 00:00:00'),(2095,'2018-04-13 00:00:00',262,131,7,'2018-04-17 00:00:00'),(2096,'2018-04-03 00:00:00',115,56,3,'2018-04-07 00:00:00'),(2097,'2018-03-22 00:00:00',82,30,9,'2018-03-25 00:00:00'),(2098,'2018-02-17 00:00:00',113,28,6,'2018-02-26 00:00:00'),(2099,'2018-03-24 00:00:00',42,121,6,'2018-03-26 00:00:00'),(2100,'2018-02-15 00:00:00',228,38,7,'2018-02-19 00:00:00'),(2101,'2018-02-15 00:00:00',158,73,3,'2018-02-23 00:00:00'),(2102,'2018-04-16 00:00:00',83,54,6,'2018-04-24 00:00:00'),(2103,'2018-02-14 00:00:00',41,161,7,'2018-02-18 00:00:00'),(2104,'2018-02-17 00:00:00',198,196,9,'2018-02-25 00:00:00'),(2105,'2018-03-18 00:00:00',139,64,3,'2018-03-23 00:00:00'),(2106,'2018-01-25 00:00:00',275,93,6,'2018-01-30 00:00:00'),(2107,'2018-03-20 00:00:00',31,151,5,'2018-03-24 00:00:00'),(2108,'2018-02-05 00:00:00',121,165,9,'2018-02-10 00:00:00'),(2109,'2018-03-27 00:00:00',235,182,3,'2018-04-01 00:00:00'),(2110,'2018-04-03 00:00:00',57,43,5,'2018-04-10 00:00:00'),(2111,'2018-04-22 00:00:00',283,146,8,NULL),(2112,'2018-02-08 00:00:00',58,151,3,'2018-02-16 00:00:00'),(2113,'2018-02-16 00:00:00',101,66,7,'2018-02-19 00:00:00'),(2114,'2018-04-08 00:00:00',133,128,9,'2018-04-11 00:00:00'),(2115,'2018-03-15 00:00:00',186,67,8,'2018-03-22 00:00:00'),(2116,'2018-04-05 00:00:00',257,2,5,'2018-04-08 00:00:00'),(2117,'2018-01-27 00:00:00',122,165,9,'2018-01-30 00:00:00'),(2118,'2018-03-03 00:00:00',81,31,10,'2018-03-08 00:00:00'),(2119,'2018-02-10 00:00:00',66,181,9,'2018-02-18 00:00:00'),(2120,'2018-02-24 00:00:00',46,180,1,'2018-03-03 00:00:00'),(2121,'2018-03-10 00:00:00',102,118,9,'2018-03-15 00:00:00'),(2122,'2018-01-26 00:00:00',111,129,2,'2018-01-29 00:00:00'),(2123,'2018-03-19 00:00:00',96,137,5,'2018-03-23 00:00:00'),(2124,'2018-02-23 00:00:00',111,165,1,'2018-03-02 00:00:00'),(2125,'2018-03-27 00:00:00',28,53,1,'2018-04-01 00:00:00'),(2126,'2018-03-01 00:00:00',165,147,1,'2018-03-08 00:00:00'),(2127,'2018-03-27 00:00:00',95,129,3,'2018-04-03 00:00:00'),(2128,'2018-03-17 00:00:00',60,23,10,'2018-03-21 00:00:00'),(2129,'2018-03-14 00:00:00',147,70,3,'2018-03-19 00:00:00'),(2130,'2018-03-03 00:00:00',163,191,2,'2018-03-07 00:00:00'),(2131,'2018-02-03 00:00:00',101,133,4,'2018-02-05 00:00:00'),(2132,'2018-01-28 00:00:00',152,100,10,'2018-02-04 00:00:00'),(2133,'2018-03-15 00:00:00',233,47,9,'2018-03-19 00:00:00'),(2134,'2018-03-11 00:00:00',298,62,6,'2018-03-20 00:00:00'),(2135,'2018-02-19 00:00:00',284,19,7,'2018-02-23 00:00:00'),(2136,'2018-02-09 00:00:00',81,63,8,'2018-02-14 00:00:00'),(2137,'2018-02-19 00:00:00',73,1,4,'2018-02-22 00:00:00'),(2138,'2018-03-18 00:00:00',218,13,2,'2018-03-22 00:00:00'),(2139,'2018-03-24 00:00:00',9,61,5,'2018-03-31 00:00:00'),(2140,'2018-03-23 00:00:00',223,51,1,'2018-03-26 00:00:00'),(2141,'2018-03-23 00:00:00',114,168,2,'2018-03-30 00:00:00'),(2142,'2018-02-11 00:00:00',27,70,5,'2018-02-19 00:00:00'),(2143,'2018-03-26 00:00:00',266,187,1,'2018-03-29 00:00:00'),(2144,'2018-03-27 00:00:00',103,73,8,'2018-04-02 00:00:00'),(2145,'2018-03-11 00:00:00',194,34,9,'2018-03-13 00:00:00'),(2146,'2018-01-29 00:00:00',158,80,5,'2018-02-01 00:00:00'),(2147,'2018-04-13 00:00:00',278,56,6,'2018-04-19 00:00:00'),(2148,'2018-04-07 00:00:00',270,48,5,'2018-04-10 00:00:00'),(2149,'2018-02-16 00:00:00',262,142,9,'2018-02-20 00:00:00'),(2150,'2018-03-11 00:00:00',242,172,9,'2018-03-13 00:00:00'),(2151,'2018-02-18 00:00:00',256,52,8,'2018-02-20 00:00:00'),(2152,'2018-02-06 00:00:00',256,6,6,'2018-02-09 00:00:00'),(2153,'2018-03-04 00:00:00',228,107,4,'2018-03-07 00:00:00'),(2154,'2018-03-25 00:00:00',140,171,9,'2018-03-31 00:00:00'),(2155,'2018-04-14 00:00:00',112,131,2,'2018-04-22 00:00:00'),(2156,'2018-02-17 00:00:00',33,150,5,'2018-02-21 00:00:00'),(2157,'2018-02-09 00:00:00',265,161,4,'2018-02-18 00:00:00'),(2158,'2018-03-13 00:00:00',138,158,6,'2018-03-16 00:00:00'),(2159,'2018-02-10 00:00:00',86,195,1,'2018-02-13 00:00:00'),(2160,'2018-03-20 00:00:00',90,46,3,'2018-03-23 00:00:00'),(2161,'2018-04-06 00:00:00',145,37,5,'2018-04-11 00:00:00'),(2162,'2018-02-15 00:00:00',189,4,3,'2018-02-20 00:00:00'),(2163,'2018-02-01 00:00:00',40,149,4,'2018-02-11 00:00:00'),(2164,'2018-03-01 00:00:00',251,163,6,'2018-03-04 00:00:00'),(2165,'2018-03-25 00:00:00',246,47,7,'2018-04-04 00:00:00'),(2166,'2018-03-18 00:00:00',157,36,4,'2018-03-21 00:00:00'),(2167,'2018-04-21 00:00:00',253,135,9,'2018-04-24 00:00:00'),(2168,'2018-04-09 00:00:00',250,80,5,'2018-04-13 00:00:00'),(2169,'2018-03-19 00:00:00',298,55,4,'2018-03-23 00:00:00'),(2170,'2018-03-01 00:00:00',88,121,2,'2018-03-08 00:00:00'),(2171,'2018-01-30 00:00:00',156,81,5,'2018-02-01 00:00:00'),(2172,'2018-01-30 00:00:00',251,41,6,'2018-02-04 00:00:00'),(2173,'2018-03-20 00:00:00',12,16,3,'2018-03-22 00:00:00'),(2174,'2018-04-16 00:00:00',233,17,2,'2018-04-23 00:00:00'),(2175,'2018-04-12 00:00:00',211,53,3,'2018-04-17 00:00:00'),(2176,'2018-02-09 00:00:00',260,147,2,'2018-02-18 00:00:00'),(2177,'2018-04-19 00:00:00',109,23,5,NULL),(2178,'2018-03-27 00:00:00',289,59,6,'2018-03-30 00:00:00'),(2179,'2018-01-26 00:00:00',270,199,4,'2018-01-29 00:00:00'),(2180,'2018-03-13 00:00:00',246,156,5,'2018-03-19 00:00:00'),(2181,'2018-02-11 00:00:00',68,188,1,'2018-02-19 00:00:00'),(2182,'2018-03-24 00:00:00',278,175,6,'2018-03-31 00:00:00'),(2183,'2018-04-17 00:00:00',176,11,5,NULL),(2184,'2018-04-04 00:00:00',134,196,6,'2018-04-09 00:00:00');
/*!40000 ALTER TABLE `rentallog` ENABLE KEYS */;
UNLOCK TABLES;

--
-- Table structure for table `rentallogbackup`
--

DROP TABLE IF EXISTS `rentallogbackup`;
/*!40101 SET @saved_cs_client     = @@character_set_client */;
/*!40101 SET character_set_client = utf8 */;
CREATE TABLE `rentallogbackup` (
  `intID` int(11) NOT NULL AUTO_INCREMENT,
  `intBackUpID` int(11) DEFAULT NULL,
  `dteCreated` datetime DEFAULT NULL,
  `intMovieID` int(11) DEFAULT NULL,
  `intCustomerID` int(11) NOT NULL,
  `intStaffID` int(11) NOT NULL,
  `dteReturned` datetime DEFAULT NULL,
  PRIMARY KEY (`intID`)
) ENGINE=InnoDB DEFAULT CHARSET=utf8;
/*!40101 SET character_set_client = @saved_cs_client */;

--
-- Dumping data for table `rentallogbackup`
--

LOCK TABLES `rentallogbackup` WRITE;
/*!40000 ALTER TABLE `rentallogbackup` DISABLE KEYS */;
/*!40000 ALTER TABLE `rentallogbackup` ENABLE KEYS */;
UNLOCK TABLES;

--
-- Table structure for table `staff`
--

DROP TABLE IF EXISTS `staff`;
/*!40101 SET @saved_cs_client     = @@character_set_client */;
/*!40101 SET character_set_client = utf8 */;
CREATE TABLE `staff` (
  `intID` int(11) NOT NULL AUTO_INCREMENT,
  `dteCreated` datetime NOT NULL,
  `strFirstName` varchar(50) NOT NULL,
  `strLastName` varchar(50) NOT NULL,
  `strStreet` varchar(50) NOT NULL,
  `strCity` varchar(50) NOT NULL,
  `strZip` varchar(20) DEFAULT NULL,
  `strPhone1` varchar(50) DEFAULT NULL,
  `strPhone2` varchar(50) DEFAULT NULL,
  `strEmail` varchar(50) NOT NULL,
  `strPassword` varchar(50) NOT NULL,
  PRIMARY KEY (`intID`)
) ENGINE=InnoDB AUTO_INCREMENT=11 DEFAULT CHARSET=utf8;
/*!40101 SET character_set_client = @saved_cs_client */;

--
-- Dumping data for table `staff`
--

LOCK TABLES `staff` WRITE;
/*!40000 ALTER TABLE `staff` DISABLE KEYS */;
INSERT INTO `staff` VALUES (1,'2018-02-05 00:16:49','Michaelina','Candwell','08508 Towne Crossing','Měnín','664 57','634-839-7916','276-737-2734','mcandwell0@purevolume.com','88AO5w9qUgHB'),(2,'2018-02-21 05:11:20','Ly','Daouse','55509 Sage Point','Abashiri','336-0926','581-801-8276','540-783-1288','ldaouse1@blogger.com','ZQcVDgZESK'),(3,'2017-04-30 16:58:36','Georas','Sommerville','546 Riverside Street','Cẩm Phả',NULL,'702-601-4143','846-747-7543','gsommerville2@army.mil','o0RGQv'),(4,'2017-08-08 16:24:31','Bevan','Huortic','30 Little Fleur Park','Houston','77070','281-886-5410','490-483-1536','bhuortic3@arstechnica.com','UWcjfo0REBh'),(5,'2017-08-04 18:23:04','Chrissy','Bohlsen','8782 Continental Pass','Soutelo','4740-497','632-203-1444','474-263-1554','cbohlsen4@ehow.com','ycU2xhYnw219'),(6,'2017-12-03 04:46:36','Danyelle','Daubney','0124 Haas Pass','Filothéi',NULL,'848-696-7731','572-850-1065','ddaubney5@topsy.com','rOZjKN'),(7,'2017-08-21 11:18:18','Jelene','Lazer','6770 Merrick Alley','Bigaa','3016','989-651-9156','190-384-8205','jlazer6@lulu.com','pKiKVDQhx'),(8,'2018-03-07 03:04:04','Adelina','Shirt','1 Kennedy Junction','Clonskeagh','D04','136-256-8075','485-934-3012','ashirt7@skyrock.com','5DwiWpa'),(9,'2017-07-04 08:32:45','Prue','Jemmett','7159 Stone Corner Center','Gierałtowice','44-186','903-890-3032','247-623-7219','pjemmett8@photobucket.com','Si8uP0t1Yv'),(10,'2017-04-25 02:36:32','Jaymee','Fairtlough','357 Claremont Drive','Gorshechnoye','307425','538-116-0577','710-112-4858','jfairtlough9@mapy.cz','qm9gS6rQcG');
/*!40000 ALTER TABLE `staff` ENABLE KEYS */;
UNLOCK TABLES;

--
-- Temporary view structure for view `view_genrev1`
--

DROP TABLE IF EXISTS `view_genrev1`;
/*!50001 DROP VIEW IF EXISTS `view_genrev1`*/;
SET @saved_cs_client     = @@character_set_client;
SET character_set_client = utf8;
/*!50001 CREATE VIEW `view_genrev1` AS SELECT 
 1 AS `GENRE`,
 1 AS `NR OF MOVIES`,
 1 AS `NAME OF MOVIE`*/;
SET character_set_client = @saved_cs_client;

--
-- Temporary view structure for view `view_genrev2`
--

DROP TABLE IF EXISTS `view_genrev2`;
/*!50001 DROP VIEW IF EXISTS `view_genrev2`*/;
SET @saved_cs_client     = @@character_set_client;
SET character_set_client = utf8;
/*!50001 CREATE VIEW `view_genrev2` AS SELECT 
 1 AS `GENRE`,
 1 AS `NR OF MOVIES`,
 1 AS `NAME OF MOVIE`*/;
SET character_set_client = @saved_cs_client;

--
-- Temporary view structure for view `view_latemoviesall_log`
--

DROP TABLE IF EXISTS `view_latemoviesall_log`;
/*!50001 DROP VIEW IF EXISTS `view_latemoviesall_log`*/;
SET @saved_cs_client     = @@character_set_client;
SET character_set_client = utf8;
/*!50001 CREATE VIEW `view_latemoviesall_log` AS SELECT 
 1 AS `MOVIE NAME`,
 1 AS `CUSTOMER`,
 1 AS `STAFF`,
 1 AS `CREATED`,
 1 AS `DATE OF RETURN`,
 1 AS `RETURNED`*/;
SET character_set_client = @saved_cs_client;

--
-- Temporary view structure for view `view_latemoviesdate`
--

DROP TABLE IF EXISTS `view_latemoviesdate`;
/*!50001 DROP VIEW IF EXISTS `view_latemoviesdate`*/;
SET @saved_cs_client     = @@character_set_client;
SET character_set_client = utf8;
/*!50001 CREATE VIEW `view_latemoviesdate` AS SELECT 
 1 AS `COUNTER`,
 1 AS `MOVIE ID`,
 1 AS `NAME OF MOVIE`,
 1 AS `DAY OF RENTAL`,
 1 AS `DAY OF EXPECTED RETURN`,
 1 AS `DAY(S) LATE`,
 1 AS `STAFF`,
 1 AS `CUSTOMER`*/;
SET character_set_client = @saved_cs_client;

--
-- Temporary view structure for view `view_mostwantedmovies`
--

DROP TABLE IF EXISTS `view_mostwantedmovies`;
/*!50001 DROP VIEW IF EXISTS `view_mostwantedmovies`*/;
SET @saved_cs_client     = @@character_set_client;
SET character_set_client = utf8;
/*!50001 CREATE VIEW `view_mostwantedmovies` AS SELECT 
 1 AS `MOVIE NAME`,
 1 AS `DATE OF RENTAL`,
 1 AS `MOST WANTED IN A MONTH`*/;
SET character_set_client = @saved_cs_client;

--
-- Temporary view structure for view `view_moviesinventory`
--

DROP TABLE IF EXISTS `view_moviesinventory`;
/*!50001 DROP VIEW IF EXISTS `view_moviesinventory`*/;
SET @saved_cs_client     = @@character_set_client;
SET character_set_client = utf8;
/*!50001 CREATE VIEW `view_moviesinventory` AS SELECT 
 1 AS `TITLE`,
 1 AS `PRICE`,
 1 AS `MINUTES`,
 1 AS `RELEASED`,
 1 AS `DIRECTOR`,
 1 AS `ACTORS IN THE MOVIE`,
 1 AS `# ACTORS IN THE MOVIE`,
 1 AS `GENRE`,
 1 AS `ISBN`,
 1 AS `SHORTTEXT`*/;
SET character_set_client = @saved_cs_client;

--
-- Temporary view structure for view `view_moviesperstaffall_log`
--

DROP TABLE IF EXISTS `view_moviesperstaffall_log`;
/*!50001 DROP VIEW IF EXISTS `view_moviesperstaffall_log`*/;
SET @saved_cs_client     = @@character_set_client;
SET character_set_client = utf8;
/*!50001 CREATE VIEW `view_moviesperstaffall_log` AS SELECT 
 1 AS `STAFF / EMPLOYER`,
 1 AS `MOVIE PER STAFF MEMBER`*/;
SET character_set_client = @saved_cs_client;

--
-- Temporary view structure for view `view_rentallog`
--

DROP TABLE IF EXISTS `view_rentallog`;
/*!50001 DROP VIEW IF EXISTS `view_rentallog`*/;
SET @saved_cs_client     = @@character_set_client;
SET character_set_client = utf8;
/*!50001 CREATE VIEW `view_rentallog` AS SELECT 
 1 AS `MOVIE NAME`,
 1 AS `CUSTOMER`,
 1 AS `STAFF`,
 1 AS `HANDED OUT`,
 1 AS `DATE OF RETURN`,
 1 AS `RETURNED`*/;
SET character_set_client = @saved_cs_client;

--
-- Temporary view structure for view `view_rentallogdate`
--

DROP TABLE IF EXISTS `view_rentallogdate`;
/*!50001 DROP VIEW IF EXISTS `view_rentallogdate`*/;
SET @saved_cs_client     = @@character_set_client;
SET character_set_client = utf8;
/*!50001 CREATE VIEW `view_rentallogdate` AS SELECT 
 1 AS `ID`,
 1 AS `MOVIE NAME`,
 1 AS `CUSTOMER`,
 1 AS `STAFF`,
 1 AS `HANDED OUT`,
 1 AS `DATE OF RETURN`*/;
SET character_set_client = @saved_cs_client;

--
-- Final view structure for view `view_genrev1`
--

/*!50001 DROP VIEW IF EXISTS `view_genrev1`*/;
/*!50001 SET @saved_cs_client          = @@character_set_client */;
/*!50001 SET @saved_cs_results         = @@character_set_results */;
/*!50001 SET @saved_col_connection     = @@collation_connection */;
/*!50001 SET character_set_client      = utf8 */;
/*!50001 SET character_set_results     = utf8 */;
/*!50001 SET collation_connection      = utf8_general_ci */;
/*!50001 CREATE ALGORITHM=UNDEFINED */
/*!50013 DEFINER=`root`@`localhost` SQL SECURITY DEFINER */
/*!50001 VIEW `view_genrev1` AS select `g`.`strName` AS `GENRE`,count(`m`.`strName`) AS `NR OF MOVIES`,group_concat(`m`.`strName` separator ',') AS `NAME OF MOVIE` from (`genre` `g` join `movies` `m` on((`g`.`intID` = `m`.`intGenreID`))) group by `g`.`strName` */;
/*!50001 SET character_set_client      = @saved_cs_client */;
/*!50001 SET character_set_results     = @saved_cs_results */;
/*!50001 SET collation_connection      = @saved_col_connection */;

--
-- Final view structure for view `view_genrev2`
--

/*!50001 DROP VIEW IF EXISTS `view_genrev2`*/;
/*!50001 SET @saved_cs_client          = @@character_set_client */;
/*!50001 SET @saved_cs_results         = @@character_set_results */;
/*!50001 SET @saved_col_connection     = @@collation_connection */;
/*!50001 SET character_set_client      = utf8 */;
/*!50001 SET character_set_results     = utf8 */;
/*!50001 SET collation_connection      = utf8_general_ci */;
/*!50001 CREATE ALGORITHM=UNDEFINED */
/*!50013 DEFINER=`root`@`localhost` SQL SECURITY DEFINER */
/*!50001 VIEW `view_genrev2` AS select `m`.`strGenre` AS `GENRE`,count(`m`.`strName`) AS `NR OF MOVIES`,group_concat(`m`.`strName` separator ',') AS `NAME OF MOVIE` from `movies` `m` group by `m`.`strGenre` order by `NR OF MOVIES` desc */;
/*!50001 SET character_set_client      = @saved_cs_client */;
/*!50001 SET character_set_results     = @saved_cs_results */;
/*!50001 SET collation_connection      = @saved_col_connection */;

--
-- Final view structure for view `view_latemoviesall_log`
--

/*!50001 DROP VIEW IF EXISTS `view_latemoviesall_log`*/;
/*!50001 SET @saved_cs_client          = @@character_set_client */;
/*!50001 SET @saved_cs_results         = @@character_set_results */;
/*!50001 SET @saved_col_connection     = @@collation_connection */;
/*!50001 SET character_set_client      = utf8 */;
/*!50001 SET character_set_results     = utf8 */;
/*!50001 SET collation_connection      = utf8_general_ci */;
/*!50001 CREATE ALGORITHM=UNDEFINED */
/*!50013 DEFINER=`root`@`localhost` SQL SECURITY DEFINER */
/*!50001 VIEW `view_latemoviesall_log` AS select `m`.`strName` AS `MOVIE NAME`,concat(`c`.`strFirstName`,' ',`c`.`strLastName`) AS `CUSTOMER`,concat(`s`.`strFirstName`,' ',`s`.`strLastName`) AS `STAFF`,cast(`rl`.`dteCreated` as date) AS `CREATED`,(cast(`rl`.`dteCreated` as date) + interval 4 day) AS `DATE OF RETURN`,cast(`rl`.`dteReturned` as date) AS `RETURNED` from (((`rentallog` `rl` join `staff` `s` on((`rl`.`intStaffID` = `s`.`intID`))) join `customers` `c` on((`rl`.`intCustomerID` = `c`.`intID`))) join `movies` `m` on((`rl`.`intMovieID` = `m`.`intID`))) where (`rl`.`dteReturned` not between `rl`.`dteCreated` and (`rl`.`dteCreated` + interval 4 day)) order by `m`.`strName` */;
/*!50001 SET character_set_client      = @saved_cs_client */;
/*!50001 SET character_set_results     = @saved_cs_results */;
/*!50001 SET collation_connection      = @saved_col_connection */;

--
-- Final view structure for view `view_latemoviesdate`
--

/*!50001 DROP VIEW IF EXISTS `view_latemoviesdate`*/;
/*!50001 SET @saved_cs_client          = @@character_set_client */;
/*!50001 SET @saved_cs_results         = @@character_set_results */;
/*!50001 SET @saved_col_connection     = @@collation_connection */;
/*!50001 SET character_set_client      = utf8 */;
/*!50001 SET character_set_results     = utf8 */;
/*!50001 SET collation_connection      = utf8_general_ci */;
/*!50001 CREATE ALGORITHM=UNDEFINED */
/*!50013 DEFINER=`root`@`localhost` SQL SECURITY DEFINER */
/*!50001 VIEW `view_latemoviesdate` AS select `i`.`intID` AS `COUNTER`,`m`.`intID` AS `MOVIE ID`,`m`.`strName` AS `NAME OF MOVIE`,cast(`i`.`dteCreated` as date) AS `DAY OF RENTAL`,cast((`i`.`dteCreated` + interval 4 day) as date) AS `DAY OF EXPECTED RETURN`,(curdate() - cast((`i`.`dteCreated` + interval 4 day) as date)) AS `DAY(S) LATE`,concat(`s`.`strFirstName`,' ',`s`.`strLastName`) AS `STAFF`,concat(`c`.`strFirstName`,' ',`c`.`strLastName`) AS `CUSTOMER` from ((((`isnotinstore` `i` join `movies` `m` on((`m`.`intID` = `i`.`intMovieID`))) join `rentallog` `rl` on((`rl`.`intMovieID` = `m`.`intID`))) join `staff` `s` on((`s`.`intID` = `rl`.`intStaffID`))) join `customers` `c` on((`c`.`intID` = `rl`.`intCustomerID`))) where ((`i`.`dteCreated` + interval 4 day) < curdate()) group by `i`.`intID` */;
/*!50001 SET character_set_client      = @saved_cs_client */;
/*!50001 SET character_set_results     = @saved_cs_results */;
/*!50001 SET collation_connection      = @saved_col_connection */;

--
-- Final view structure for view `view_mostwantedmovies`
--

/*!50001 DROP VIEW IF EXISTS `view_mostwantedmovies`*/;
/*!50001 SET @saved_cs_client          = @@character_set_client */;
/*!50001 SET @saved_cs_results         = @@character_set_results */;
/*!50001 SET @saved_col_connection     = @@collation_connection */;
/*!50001 SET character_set_client      = utf8 */;
/*!50001 SET character_set_results     = utf8 */;
/*!50001 SET collation_connection      = utf8_general_ci */;
/*!50001 CREATE ALGORITHM=UNDEFINED */
/*!50013 DEFINER=`root`@`localhost` SQL SECURITY DEFINER */
/*!50001 VIEW `view_mostwantedmovies` AS select `m`.`strName` AS `MOVIE NAME`,(select group_concat(cast(`rl`.`dteCreated` as date) separator ',') from `rentallog` `rl` where ((`rl`.`intMovieID` = `m`.`intID`) and (`rl`.`dteCreated` between (curdate() + interval -(1) month) and curdate()))) AS `DATE OF RENTAL`,(select count(`rl`.`intID`) from `rentallog` `rl` where ((`rl`.`intMovieID` = `m`.`intID`) and (`rl`.`dteCreated` between (curdate() + interval -(1) month) and curdate()))) AS `MOST WANTED IN A MONTH` from (`rentallog` `rl` join `movies` `m` on((`rl`.`intMovieID` = `m`.`intID`))) where (`rl`.`dteCreated` between (curdate() + interval -(1) month) and curdate()) group by `m`.`strName` order by `MOST WANTED IN A MONTH` desc */;
/*!50001 SET character_set_client      = @saved_cs_client */;
/*!50001 SET character_set_results     = @saved_cs_results */;
/*!50001 SET collation_connection      = @saved_col_connection */;

--
-- Final view structure for view `view_moviesinventory`
--

/*!50001 DROP VIEW IF EXISTS `view_moviesinventory`*/;
/*!50001 SET @saved_cs_client          = @@character_set_client */;
/*!50001 SET @saved_cs_results         = @@character_set_results */;
/*!50001 SET @saved_col_connection     = @@collation_connection */;
/*!50001 SET character_set_client      = utf8 */;
/*!50001 SET character_set_results     = utf8 */;
/*!50001 SET collation_connection      = utf8_general_ci */;
/*!50001 CREATE ALGORITHM=UNDEFINED */
/*!50013 DEFINER=`root`@`localhost` SQL SECURITY DEFINER */
/*!50001 VIEW `view_moviesinventory` AS select `m`.`strName` AS `TITLE`,concat(`pc`.`strName`,' ',`pc`.`intPrice`,' kr.') AS `PRICE`,`m`.`strLength` AS `MINUTES`,year(`m`.`strYear`) AS `RELEASED`,concat(`d`.`strFirstName`,' ',`d`.`strLastName`,' (',year(`d`.`dteBirthOfYear`),')') AS `DIRECTOR`,(select group_concat(concat(`a`.`strFirstName`,' ',`a`.`strLastName`) separator ',') from (`actors` `a` join `movieactor` `ma`) where ((`a`.`intID` = `ma`.`intActorID`) and (`ma`.`intMovieID` = `m`.`intID`))) AS `ACTORS IN THE MOVIE`,(select count(0) from (`actors` `a` join `movieactor` `ma`) where ((`a`.`intID` = `ma`.`intActorID`) and (`ma`.`intMovieID` = `m`.`intID`))) AS `# ACTORS IN THE MOVIE`,`g`.`strName` AS `GENRE`,`m`.`strISBN` AS `ISBN`,`m`.`strDescription` AS `SHORTTEXT` from (((`movies` `m` left join `genre` `g` on((`g`.`intID` = `m`.`intGenreID`))) left join `directors` `d` on((`d`.`intID` = `m`.`intDirectorID`))) left join `pricecategory` `pc` on((`pc`.`intID` = `m`.`intPriceCategoryID`))) order by `TITLE` */;
/*!50001 SET character_set_client      = @saved_cs_client */;
/*!50001 SET character_set_results     = @saved_cs_results */;
/*!50001 SET collation_connection      = @saved_col_connection */;

--
-- Final view structure for view `view_moviesperstaffall_log`
--

/*!50001 DROP VIEW IF EXISTS `view_moviesperstaffall_log`*/;
/*!50001 SET @saved_cs_client          = @@character_set_client */;
/*!50001 SET @saved_cs_results         = @@character_set_results */;
/*!50001 SET @saved_col_connection     = @@collation_connection */;
/*!50001 SET character_set_client      = utf8 */;
/*!50001 SET character_set_results     = utf8 */;
/*!50001 SET collation_connection      = utf8_general_ci */;
/*!50001 CREATE ALGORITHM=UNDEFINED */
/*!50013 DEFINER=`root`@`localhost` SQL SECURITY DEFINER */
/*!50001 VIEW `view_moviesperstaffall_log` AS select concat(`s`.`strFirstName`,' ',`s`.`strLastName`) AS `STAFF / EMPLOYER`,(select count(0) AS `MoviesPerStaff` from `rentallog` `rl` where (`rl`.`intStaffID` = `s`.`intID`)) AS `MOVIE PER STAFF MEMBER` from `staff` `s` order by `MOVIE PER STAFF MEMBER` desc */;
/*!50001 SET character_set_client      = @saved_cs_client */;
/*!50001 SET character_set_results     = @saved_cs_results */;
/*!50001 SET collation_connection      = @saved_col_connection */;

--
-- Final view structure for view `view_rentallog`
--

/*!50001 DROP VIEW IF EXISTS `view_rentallog`*/;
/*!50001 SET @saved_cs_client          = @@character_set_client */;
/*!50001 SET @saved_cs_results         = @@character_set_results */;
/*!50001 SET @saved_col_connection     = @@collation_connection */;
/*!50001 SET character_set_client      = utf8 */;
/*!50001 SET character_set_results     = utf8 */;
/*!50001 SET collation_connection      = utf8_general_ci */;
/*!50001 CREATE ALGORITHM=UNDEFINED */
/*!50013 DEFINER=`root`@`localhost` SQL SECURITY DEFINER */
/*!50001 VIEW `view_rentallog` AS select `m`.`strName` AS `MOVIE NAME`,concat(`c`.`strFirstName`,' ',`c`.`strLastName`) AS `CUSTOMER`,concat(`s`.`strFirstName`,' ',`s`.`strLastName`) AS `STAFF`,cast(`rl`.`dteCreated` as date) AS `HANDED OUT`,(cast(`rl`.`dteCreated` as date) + interval 4 day) AS `DATE OF RETURN`,cast(`rl`.`dteReturned` as date) AS `RETURNED` from (((`rentallog` `rl` join `staff` `s` on((`rl`.`intStaffID` = `s`.`intID`))) join `customers` `c` on((`rl`.`intCustomerID` = `c`.`intID`))) join `movies` `m` on((`rl`.`intMovieID` = `m`.`intID`))) order by `rl`.`dteCreated`,`m`.`strName` */;
/*!50001 SET character_set_client      = @saved_cs_client */;
/*!50001 SET character_set_results     = @saved_cs_results */;
/*!50001 SET collation_connection      = @saved_col_connection */;

--
-- Final view structure for view `view_rentallogdate`
--

/*!50001 DROP VIEW IF EXISTS `view_rentallogdate`*/;
/*!50001 SET @saved_cs_client          = @@character_set_client */;
/*!50001 SET @saved_cs_results         = @@character_set_results */;
/*!50001 SET @saved_col_connection     = @@collation_connection */;
/*!50001 SET character_set_client      = utf8 */;
/*!50001 SET character_set_results     = utf8 */;
/*!50001 SET collation_connection      = utf8_general_ci */;
/*!50001 CREATE ALGORITHM=UNDEFINED */
/*!50013 DEFINER=`root`@`localhost` SQL SECURITY DEFINER */
/*!50001 VIEW `view_rentallogdate` AS select `m`.`intID` AS `ID`,`m`.`strName` AS `MOVIE NAME`,concat(`c`.`strFirstName`,' ',`c`.`strLastName`) AS `CUSTOMER`,concat(`s`.`strFirstName`,' ',`s`.`strLastName`) AS `STAFF`,cast(`rl`.`dteCreated` as date) AS `HANDED OUT`,(cast(`rl`.`dteCreated` as date) + interval 4 day) AS `DATE OF RETURN` from ((((`isnotinstore` `i` join `movies` `m` on((`i`.`intMovieID` = `m`.`intID`))) join `rentallog` `rl` on((`i`.`intRentalLogID` = `rl`.`intID`))) join `staff` `s` on((`rl`.`intStaffID` = `s`.`intID`))) join `customers` `c` on((`rl`.`intCustomerID` = `c`.`intID`))) group by `i`.`intID` order by `m`.`intID` */;
/*!50001 SET character_set_client      = @saved_cs_client */;
/*!50001 SET character_set_results     = @saved_cs_results */;
/*!50001 SET collation_connection      = @saved_col_connection */;
/*!40103 SET TIME_ZONE=@OLD_TIME_ZONE */;

/*!40101 SET SQL_MODE=@OLD_SQL_MODE */;
/*!40014 SET FOREIGN_KEY_CHECKS=@OLD_FOREIGN_KEY_CHECKS */;
/*!40014 SET UNIQUE_CHECKS=@OLD_UNIQUE_CHECKS */;
/*!40101 SET CHARACTER_SET_CLIENT=@OLD_CHARACTER_SET_CLIENT */;
/*!40101 SET CHARACTER_SET_RESULTS=@OLD_CHARACTER_SET_RESULTS */;
/*!40101 SET COLLATION_CONNECTION=@OLD_COLLATION_CONNECTION */;
/*!40111 SET SQL_NOTES=@OLD_SQL_NOTES */;

-- Dump completed on 2018-04-24 11:59:33
